,1,2,3,4,5,6,7,8,9
0,7:00p,Orlando Magic,87,Indiana Pacers,97,Box Score,,"18,165",
1,8:00p,Chicago Bulls,95,Miami Heat,107,Box Score,,"19,964",
2,10:30p,Los Angeles Clippers,103,Los Angeles Lakers,116,Box Score,,"18,997",
3,7:00p,Brooklyn Nets,94,Cleveland Cavaliers,98,Box Score,,"20,562",
4,7:00p,Boston Celtics,87,Toronto Raptors,93,Box Score,,"20,155",
5,7:00p,Miami Heat,110,Philadelphia 76ers,114,Box Score,,"19,523",
6,7:30p,Washington Wizards,102,Detroit Pistons,113,Box Score,,"19,258",
7,7:30p,Milwaukee Bucks,83,New York Knicks,90,Box Score,,"19,812",
8,8:00p,Indiana Pacers,95,New Orleans Pelicans,90,Box Score,,"17,803",
9,8:00p,Orlando Magic,115,Minnesota Timberwolves,120,Box Score,OT,"17,988",
10,8:00p,Charlotte Bobcats,83,Houston Rockets,96,Box Score,,"18,083",
11,8:30p,Atlanta Hawks,109,Dallas Mavericks,118,Box Score,,"19,834",
12,8:30p,Memphis Grizzlies,94,San Antonio Spurs,101,Box Score,,"18,581",
13,9:00p,Oklahoma City Thunder,101,Utah Jazz,98,Box Score,,"19,911",
14,10:00p,Denver Nuggets,88,Sacramento Kings,90,Box Score,,"17,317",
15,10:00p,Portland Trail Blazers,91,Phoenix Suns,104,Box Score,,"17,208",
16,10:30p,Los Angeles Lakers,94,Golden State Warriors,125,Box Score,,"19,596",
17,8:00p,New York Knicks,81,Chicago Bulls,82,Box Score,,"22,022",
18,10:30p,Golden State Warriors,115,Los Angeles Clippers,126,Box Score,,"19,060",
19,7:00p,Cleveland Cavaliers,84,Charlotte Bobcats,90,Box Score,,"18,017",
20,7:00p,New Orleans Pelicans,90,Orlando Magic,110,Box Score,,"18,846",
21,7:00p,Philadelphia 76ers,109,Washington Wizards,102,Box Score,,"17,160",
22,7:30p,Toronto Raptors,95,Atlanta Hawks,102,Box Score,,"18,118",
23,7:30p,Milwaukee Bucks,105,Boston Celtics,98,Box Score,,"18,624",
24,8:00p,Miami Heat,100,Brooklyn Nets,101,Box Score,,"17,732",
25,8:00p,Dallas Mavericks,105,Houston Rockets,113,Box Score,,"18,142",
26,8:00p,Detroit Pistons,108,Memphis Grizzlies,111,Box Score,OT,"18,119",
27,8:00p,Oklahoma City Thunder,81,Minnesota Timberwolves,100,Box Score,,"17,433",
28,9:00p,Portland Trail Blazers,113,Denver Nuggets,98,Box Score,,"19,155",
29,10:00p,Utah Jazz,84,Phoenix Suns,87,Box Score,,"14,662",
30,10:00p,Los Angeles Clippers,110,Sacramento Kings,101,Box Score,,"17,317",
31,10:30p,San Antonio Spurs,91,Los Angeles Lakers,85,Box Score,,"18,997",
32,7:00p,Cleveland Cavaliers,74,Indiana Pacers,89,Box Score,,"16,242",
33,7:30p,Chicago Bulls,104,Philadelphia 76ers,107,Box Score,,"15,782",
34,8:00p,Charlotte Bobcats,84,New Orleans Pelicans,105,Box Score,,"15,232",
35,8:30p,Memphis Grizzlies,99,Dallas Mavericks,111,Box Score,,"20,262",
36,8:30p,Toronto Raptors,97,Milwaukee Bucks,90,Box Score,,"16,046",
37,9:00p,Houston Rockets,104,Utah Jazz,93,Box Score,,"19,498",
38,10:00p,San Antonio Spurs,105,Portland Trail Blazers,115,Box Score,,"20,028",
39,10:30p,Sacramento Kings,87,Golden State Warriors,98,Box Score,,"19,596",
40,6:00p,Boston Celtics,77,Detroit Pistons,87,Box Score,,"14,978",
41,6:00p,Washington Wizards,93,Miami Heat,103,Box Score,,"19,600",
42,6:00p,Brooklyn Nets,86,Orlando Magic,107,Box Score,,"15,297",
43,7:00p,Phoenix Suns,96,Oklahoma City Thunder,103,Box Score,,"18,203",
44,7:30p,Minnesota Timberwolves,109,New York Knicks,100,Box Score,,"19,812",
45,9:30p,Atlanta Hawks,103,Los Angeles Lakers,105,Box Score,,"18,997",
46,7:00p,Minnesota Timberwolves,92,Cleveland Cavaliers,93,Box Score,,"17,892",
47,7:00p,Golden State Warriors,110,Philadelphia 76ers,90,Box Score,,"11,089",
48,8:00p,Boston Celtics,88,Memphis Grizzlies,95,Box Score,,"15,872",
49,10:30p,Houston Rockets,118,Los Angeles Clippers,137,Box Score,,"19,404",
50,7:00p,Miami Heat,104,Toronto Raptors,95,Box Score,,"18,470",
51,7:30p,Utah Jazz,88,Brooklyn Nets,104,Box Score,,"17,732",
52,7:30p,Indiana Pacers,99,Detroit Pistons,91,Box Score,,"13,401",
53,7:30p,Charlotte Bobcats,102,New York Knicks,97,Box Score,,"19,812",
54,8:00p,Phoenix Suns,104,New Orleans Pelicans,98,Box Score,,"13,404",
55,8:30p,Los Angeles Lakers,104,Dallas Mavericks,123,Box Score,,"19,670",
56,9:00p,San Antonio Spurs,102,Denver Nuggets,94,Box Score,,"15,721",
57,10:00p,Houston Rockets,116,Portland Trail Blazers,101,Box Score,,"17,491",
58,10:00p,Atlanta Hawks,105,Sacramento Kings,100,Box Score,,"13,506",
59,7:00p,Toronto Raptors,90,Charlotte Bobcats,92,Box Score,,"11,118",
60,7:00p,Chicago Bulls,80,Indiana Pacers,97,Box Score,,"18,165",
61,7:00p,Los Angeles Clippers,90,Orlando Magic,98,Box Score,,"15,807",
62,7:00p,Washington Wizards,116,Philadelphia 76ers,102,Box Score,,"10,117",
63,7:30p,Utah Jazz,87,Boston Celtics,97,Box Score,,"17,130",
64,8:00p,New Orleans Pelicans,99,Memphis Grizzlies,84,Box Score,,"15,209",
65,8:00p,Cleveland Cavaliers,104,Milwaukee Bucks,109,Box Score,,"14,340",
66,8:00p,Golden State Warriors,106,Minnesota Timberwolves,93,Box Score,,"15,559",
67,8:30p,Phoenix Suns,96,San Antonio Spurs,99,Box Score,,"17,870",
68,9:30p,Dallas Mavericks,93,Oklahoma City Thunder,107,Box Score,,"18,203",
69,7:00p,Los Angeles Clippers,97,Miami Heat,102,Box Score,,"19,600",
70,9:00p,Atlanta Hawks,107,Denver Nuggets,109,Box Score,,"15,404",
71,9:30p,Los Angeles Lakers,99,Houston Rockets,98,Box Score,,"18,133",
72,7:00p,New York Knicks,101,Charlotte Bobcats,91,Box Score,,"16,465",
73,7:00p,Toronto Raptors,84,Indiana Pacers,91,Box Score,,"13,316",
74,7:00p,Boston Celtics,91,Orlando Magic,89,Box Score,,"17,555",
75,7:00p,Cleveland Cavaliers,79,Philadelphia 76ers,94,Box Score,,"15,219",
76,7:00p,Brooklyn Nets,108,Washington Wizards,112,Box Score,OT,"17,215",
77,7:30p,Oklahoma City Thunder,119,Detroit Pistons,110,Box Score,,"15,624",
78,8:00p,Utah Jazz,73,Chicago Bulls,97,Box Score,,"21,946",
79,8:00p,Dallas Mavericks,108,Minnesota Timberwolves,116,Box Score,,"13,677",
80,8:00p,Los Angeles Lakers,85,New Orleans Pelicans,96,Box Score,,"18,209",
81,8:30p,Golden State Warriors,74,San Antonio Spurs,76,Box Score,,"18,581",
82,9:00p,Denver Nuggets,103,Phoenix Suns,114,Box Score,,"15,145",
83,10:00p,Sacramento Kings,91,Portland Trail Blazers,104,Box Score,,"17,627",
84,7:00p,Utah Jazz,91,Toronto Raptors,115,Box Score,,"17,211",
85,7:30p,Orlando Magic,94,Atlanta Hawks,104,Box Score,,"15,189",
86,7:30p,Indiana Pacers,96,Brooklyn Nets,91,Box Score,,"17,732",
87,7:30p,Philadelphia 76ers,125,Cleveland Cavaliers,127,Box Score,2OT,"20,562",
88,7:30p,Boston Celtics,111,Miami Heat,110,Box Score,,"19,710",
89,8:00p,Los Angeles Clippers,107,Houston Rockets,94,Box Score,,"18,108",
90,8:00p,Golden State Warriors,90,Memphis Grizzlies,108,Box Score,,"16,989",
91,8:30p,Dallas Mavericks,91,Milwaukee Bucks,83,Box Score,,"16,448",
92,10:00p,Portland Trail Blazers,96,Sacramento Kings,85,Box Score,,"15,482",
93,7:00p,Washington Wizards,105,Oklahoma City Thunder,106,Box Score,OT,"18,203",
94,8:00p,New Orleans Pelicans,94,Phoenix Suns,101,Box Score,,"13,154",
95,9:30p,Minnesota Timberwolves,113,Los Angeles Lakers,90,Box Score,,"18,997",
96,12:00a,San Antonio Spurs,120,New York Knicks,89,Box Score,,"19,812",
97,7:00p,Atlanta Hawks,103,Charlotte Bobcats,94,Box Score,,"13,996",
98,7:00p,Memphis Grizzlies,79,Indiana Pacers,95,Box Score,,"13,130",
99,7:00p,San Antonio Spurs,109,Philadelphia 76ers,85,Box Score,,"12,424",
100,7:30p,Orlando Magic,105,Boston Celtics,120,Box Score,,"18,624",
101,8:00p,Cleveland Cavaliers,81,Chicago Bulls,96,Box Score,,"21,778",
102,8:00p,Toronto Raptors,104,Houston Rockets,110,Box Score,2OT,"18,134",
103,9:00p,Denver Nuggets,100,Utah Jazz,81,Box Score,,"16,866",
104,10:00p,Detroit Pistons,103,Portland Trail Blazers,109,Box Score,,"18,834",
105,10:30p,Minnesota Timberwolves,107,Los Angeles Clippers,109,Box Score,,"19,060",
106,7:30p,Milwaukee Bucks,95,Miami Heat,118,Box Score,,"19,600",
107,8:30p,Washington Wizards,95,Dallas Mavericks,105,Box Score,,"19,627",
108,10:30p,Detroit Pistons,95,Golden State Warriors,113,Box Score,,"19,596",
109,10:30p,New Orleans Pelicans,95,Los Angeles Lakers,116,Box Score,,"18,426",
110,7:00p,Milwaukee Bucks,91,Orlando Magic,94,Box Score,,"13,588",
111,7:00p,Houston Rockets,117,Philadelphia 76ers,123,Box Score,OT,"11,671",
112,7:30p,Charlotte Bobcats,89,Boston Celtics,83,Box Score,,"17,032",
113,8:00p,New York Knicks,95,Atlanta Hawks,91,Box Score,,"15,057",
114,8:00p,Toronto Raptors,103,Memphis Grizzlies,87,Box Score,,"15,971",
115,8:00p,Cleveland Cavaliers,95,Minnesota Timberwolves,124,Box Score,,"14,978",
116,8:30p,Washington Wizards,79,San Antonio Spurs,92,Box Score,,"18,581",
117,9:00p,Los Angeles Lakers,99,Denver Nuggets,111,Box Score,,"17,824",
118,9:00p,New Orleans Pelicans,105,Utah Jazz,111,Box Score,,"16,717",
119,10:00p,Phoenix Suns,89,Portland Trail Blazers,90,Box Score,,"19,537",
120,10:00p,Brooklyn Nets,86,Sacramento Kings,107,Box Score,,"15,122",
121,10:30p,Oklahoma City Thunder,103,Los Angeles Clippers,111,Box Score,,"19,273",
122,8:00p,Houston Rockets,109,New York Knicks,106,Box Score,,"19,812",
123,10:30p,Oklahoma City Thunder,115,Golden State Warriors,116,Box Score,,"19,596",
124,7:00p,Milwaukee Bucks,77,Indiana Pacers,104,Box Score,,"16,202",
125,7:00p,Chicago Bulls,96,Toronto Raptors,80,Box Score,,"19,800",
126,7:30p,Philadelphia 76ers,103,Atlanta Hawks,113,Box Score,,"12,070",
127,7:30p,Portland Trail Blazers,109,Boston Celtics,96,Box Score,,"18,624",
128,7:30p,Charlotte Bobcats,86,Cleveland Cavaliers,80,Box Score,,"18,679",
129,7:30p,Dallas Mavericks,104,Miami Heat,110,Box Score,,"19,772",
130,8:00p,Minnesota Timberwolves,113,Denver Nuggets,117,Box Score,,"17,142",
131,9:00p,Brooklyn Nets,100,Phoenix Suns,98,Box Score,OT,"15,984",
132,9:00p,San Antonio Spurs,91,Utah Jazz,82,Box Score,,"17,530",
133,10:30p,Memphis Grizzlies,89,Los Angeles Lakers,86,Box Score,,"18,997",
134,10:30p,Detroit Pistons,97,Sacramento Kings,90,Box Score,,"17,317",
135,7:00p,Miami Heat,97,Charlotte Bobcats,81,Box Score,,"19,084",
136,7:00p,Dallas Mavericks,108,Orlando Magic,100,Box Score,,"15,039",
137,7:00p,Cleveland Cavaliers,103,Washington Wizards,96,Box Score,OT,"18,038",
138,7:30p,Atlanta Hawks,110,New York Knicks,90,Box Score,,"19,812",
139,8:00p,Indiana Pacers,94,Chicago Bulls,110,Box Score,,"22,158",
140,8:00p,Denver Nuggets,111,Houston Rockets,122,Box Score,,"18,147",
141,8:00p,Boston Celtics,88,Minnesota Timberwolves,106,Box Score,,"15,111",
142,8:00p,Philadelphia 76ers,98,New Orleans Pelicans,135,Box Score,,"16,659",
143,8:30p,Oklahoma City Thunder,92,Milwaukee Bucks,79,Box Score,,"15,984",
144,10:30p,Utah Jazz,88,Golden State Warriors,102,Box Score,,"19,596",
145,10:30p,Brooklyn Nets,103,Los Angeles Clippers,110,Box Score,,"19,349",
146,1:00p,Portland Trail Blazers,118,Toronto Raptors,110,Box Score,OT,"17,945",
147,6:00p,Memphis Grizzlies,97,Sacramento Kings,86,Box Score,,"15,630",
148,9:30p,Detroit Pistons,99,Los Angeles Lakers,114,Box Score,,"18,997",
149,7:30p,Portland Trail Blazers,108,Brooklyn Nets,98,Box Score,,"17,732",
150,8:00p,Charlotte Bobcats,81,Chicago Bulls,86,Box Score,,"21,628",
151,8:00p,Denver Nuggets,113,Oklahoma City Thunder,115,Box Score,,"18,203",
152,8:30p,Philadelphia 76ers,94,Dallas Mavericks,97,Box Score,,"19,790",
153,9:00p,Golden State Warriors,98,Utah Jazz,87,Box Score,,"16,051",
154,10:30p,Memphis Grizzlies,106,Los Angeles Clippers,102,Box Score,,"19,060",
155,7:00p,Minnesota Timberwolves,100,Washington Wizards,104,Box Score,,"14,804",
156,7:30p,New York Knicks,86,Detroit Pistons,92,Box Score,,"13,213",
157,7:30p,Atlanta Hawks,88,Miami Heat,104,Box Score,,"19,600",
158,8:00p,Boston Celtics,85,Houston Rockets,109,Box Score,,"18,232",
159,10:00p,Phoenix Suns,104,Sacramento Kings,107,Box Score,,"14,626",
160,7:00p,Brooklyn Nets,91,Charlotte Bobcats,95,Box Score,,"13,843",
161,7:00p,Washington Wizards,98,Cleveland Cavaliers,91,Box Score,,"16,189",
162,7:00p,Indiana Pacers,103,New York Knicks,96,Box Score,OT,"19,812",
163,7:00p,Miami Heat,120,Orlando Magic,92,Box Score,,"17,256",
164,7:00p,Toronto Raptors,108,Philadelphia 76ers,98,Box Score,,"10,787",
165,7:30p,Detroit Pistons,85,Atlanta Hawks,93,Box Score,,"13,167",
166,8:00p,Portland Trail Blazers,91,Milwaukee Bucks,82,Box Score,,"11,789",
167,8:00p,Los Angeles Clippers,102,Minnesota Timberwolves,98,Box Score,,"13,101",
168,8:00p,Utah Jazz,98,New Orleans Pelicans,105,Box Score,,"13,203",
169,8:30p,Boston Celtics,93,San Antonio Spurs,104,Box Score,,"18,581",
170,9:00p,Sacramento Kings,113,Phoenix Suns,106,Box Score,,"12,705",
171,9:30p,Houston Rockets,120,Dallas Mavericks,123,Box Score,,"20,045",
172,10:30p,Memphis Grizzlies,88,Golden State Warriors,81,Box Score,OT,"19,596",
173,8:00p,Los Angeles Clippers,91,Oklahoma City Thunder,105,Box Score,,"18,203",
174,10:30p,Chicago Bulls,87,Denver Nuggets,97,Box Score,,"18,423",
175,7:00p,Phoenix Suns,98,Charlotte Bobcats,91,Box Score,,"14,916",
176,7:00p,Milwaukee Bucks,107,Philadelphia 76ers,115,Box Score,OT,"13,588",
177,7:00p,Washington Wizards,88,Toronto Raptors,96,Box Score,,"18,671",
178,7:30p,Indiana Pacers,97,Boston Celtics,82,Box Score,,"18,624",
179,7:30p,Atlanta Hawks,96,Detroit Pistons,89,Box Score,,"13,467",
180,8:00p,San Antonio Spurs,102,Memphis Grizzlies,86,Box Score,,"17,109",
181,8:00p,Brooklyn Nets,81,Minnesota Timberwolves,111,Box Score,,"15,551",
182,8:00p,Cleveland Cavaliers,100,New Orleans Pelicans,104,Box Score,,"15,186",
183,8:30p,Utah Jazz,93,Dallas Mavericks,103,Box Score,,"19,781",
184,10:00p,Chicago Bulls,95,Portland Trail Blazers,98,Box Score,,"20,618",
185,10:30p,Golden State Warriors,95,Los Angeles Lakers,102,Box Score,,"18,997",
186,3:30p,Sacramento Kings,102,Los Angeles Clippers,103,Box Score,,"19,060",
187,7:00p,Philadelphia 76ers,98,Indiana Pacers,106,Box Score,,"18,165",
188,7:00p,New York Knicks,89,Washington Wizards,98,Box Score,,"18,089",
189,7:30p,Boston Celtics,94,Atlanta Hawks,87,Box Score,,"15,189",
190,7:30p,Orlando Magic,99,Miami Heat,101,Box Score,,"19,647",
191,8:00p,Minnesota Timberwolves,101,Houston Rockets,112,Box Score,,"18,196",
192,8:30p,Charlotte Bobcats,96,Milwaukee Bucks,72,Box Score,,"14,871",
193,8:30p,Cleveland Cavaliers,96,San Antonio Spurs,126,Box Score,,"18,581",
194,9:00p,Dallas Mavericks,100,Denver Nuggets,102,Box Score,,"17,841",
195,10:30p,Portland Trail Blazers,113,Golden State Warriors,101,Box Score,,"19,596",
196,2:00p,Detroit Pistons,109,Brooklyn Nets,97,Box Score,,"17,732",
197,3:30p,Chicago Bulls,82,Los Angeles Clippers,121,Box Score,,"19,245",
198,6:00p,Phoenix Suns,104,Orlando Magic,96,Box Score,,"15,785",
199,7:00p,Utah Jazz,73,Oklahoma City Thunder,95,Box Score,,"18,203",
200,9:30p,Sacramento Kings,86,Los Angeles Lakers,100,Box Score,,"18,997",
201,7:00p,Boston Celtics,96,Charlotte Bobcats,86,Box Score,,"13,558",
202,7:00p,Minnesota Timberwolves,84,Indiana Pacers,98,Box Score,,"16,426",
203,7:30p,Milwaukee Bucks,94,Detroit Pistons,113,Box Score,,"12,150",
204,7:30p,Phoenix Suns,92,Miami Heat,107,Box Score,,"19,758",
205,8:00p,Houston Rockets,93,Memphis Grizzlies,86,Box Score,,"15,246",
206,8:30p,Denver Nuggets,110,Dallas Mavericks,96,Box Score,,"19,677",
207,8:30p,New Orleans Pelicans,93,San Antonio Spurs,112,Box Score,,"18,323",
208,9:00p,Chicago Bulls,83,Utah Jazz,89,Box Score,OT,"18,936",
209,10:00p,New York Knicks,91,Portland Trail Blazers,102,Box Score,,"19,939",
210,7:00p,Brooklyn Nets,102,Toronto Raptors,100,Box Score,,"16,421",
211,7:00p,Los Angeles Lakers,111,Washington Wizards,116,Box Score,,"19,204",
212,7:30p,Orlando Magic,109,Atlanta Hawks,92,Box Score,,"13,164",
213,8:00p,Golden State Warriors,102,New Orleans Pelicans,101,Box Score,,"15,330",
214,7:00p,Indiana Pacers,99,Charlotte Bobcats,74,Box Score,,"15,170",
215,7:00p,Philadelphia 76ers,94,Orlando Magic,105,Box Score,,"15,839",
216,7:30p,Memphis Grizzlies,100,Boston Celtics,93,Box Score,,"17,319",
217,7:30p,Los Angeles Lakers,99,Brooklyn Nets,94,Box Score,,"17,732",
218,7:30p,Miami Heat,95,Cleveland Cavaliers,84,Box Score,,"20,562",
219,7:30p,Chicago Bulls,99,Detroit Pistons,79,Box Score,,"14,228",
220,8:00p,Atlanta Hawks,84,Houston Rockets,113,Box Score,,"18,051",
221,8:00p,Washington Wizards,100,Milwaukee Bucks,92,Box Score,OT,"11,584",
222,8:00p,Denver Nuggets,117,Minnesota Timberwolves,110,Box Score,,"14,244",
223,8:00p,San Antonio Spurs,88,Oklahoma City Thunder,94,Box Score,,"18,203",
224,8:30p,Golden State Warriors,99,Dallas Mavericks,103,Box Score,,"20,211",
225,9:00p,Portland Trail Blazers,106,Phoenix Suns,120,Box Score,,"12,731",
226,10:30p,New York Knicks,80,Los Angeles Clippers,93,Box Score,,"19,270",
227,7:00p,Milwaukee Bucks,76,Charlotte Bobcats,92,Box Score,,"15,081",
228,7:00p,San Antonio Spurs,109,Orlando Magic,91,Box Score,,"15,159",
229,7:00p,Miami Heat,90,Toronto Raptors,83,Box Score,,"18,290",
230,7:30p,Dallas Mavericks,87,Atlanta Hawks,88,Box Score,,"15,463",
231,7:30p,Cleveland Cavaliers,86,Boston Celtics,103,Box Score,,"17,685",
232,7:30p,Los Angeles Lakers,106,Detroit Pistons,102,Box Score,,"15,202",
233,8:00p,Brooklyn Nets,95,Houston Rockets,114,Box Score,,"18,138",
234,8:00p,Washington Wizards,73,Indiana Pacers,93,Box Score,,"18,165",
235,8:00p,Golden State Warriors,112,Oklahoma City Thunder,113,Box Score,OT,"18,203",
236,8:00p,New Orleans Pelicans,121,Philadelphia 76ers,105,Box Score,,"17,807",
237,9:00p,New York Knicks,95,Denver Nuggets,97,Box Score,,"19,155",
238,9:00p,Phoenix Suns,112,Utah Jazz,101,Box Score,,"18,435",
239,10:00p,Los Angeles Clippers,104,Sacramento Kings,98,Box Score,OT,"17,317",
240,7:00p,Atlanta Hawks,101,Washington Wizards,108,Box Score,,"14,280",
241,7:30p,Chicago Bulls,93,Cleveland Cavaliers,97,Box Score,,"17,296",
242,8:00p,Brooklyn Nets,97,Memphis Grizzlies,88,Box Score,,"17,012",
243,8:30p,Minnesota Timberwolves,112,Dallas Mavericks,106,Box Score,,"20,173",
244,8:30p,Houston Rockets,112,San Antonio Spurs,106,Box Score,,"18,581",
245,9:00p,Boston Celtics,85,Milwaukee Bucks,92,Box Score,,"15,471",
246,9:00p,Utah Jazz,112,Phoenix Suns,104,Box Score,,"12,957",
247,1:00p,Denver Nuggets,112,Toronto Raptors,98,Box Score,,"16,290",
248,3:30p,Philadelphia 76ers,100,Detroit Pistons,115,Box Score,,"14,107",
249,3:30p,Indiana Pacers,105,Los Angeles Clippers,100,Box Score,,"19,060",
250,6:00p,Charlotte Bobcats,98,Miami Heat,99,Box Score,,"19,617",
251,6:00p,Golden State Warriors,115,Sacramento Kings,113,Box Score,,"15,588",
252,7:00p,Minnesota Timberwolves,103,Oklahoma City Thunder,113,Box Score,,"18,203",
253,7:30p,New Orleans Pelicans,103,New York Knicks,99,Box Score,,"19,812",
254,9:30p,Portland Trail Blazers,114,Los Angeles Lakers,108,Box Score,,"18,997",
255,7:00p,Orlando Magic,80,Washington Wizards,98,Box Score,,"12,809",
256,8:00p,New Orleans Pelicans,131,Chicago Bulls,128,Box Score,3OT,"21,615",
257,8:30p,Atlanta Hawks,100,San Antonio Spurs,102,Box Score,,"17,318",
258,9:00p,Houston Rockets,103,Utah Jazz,109,Box Score,,"15,801",
259,10:00p,Indiana Pacers,102,Portland Trail Blazers,106,Box Score,,"19,023",
260,7:00p,Orlando Magic,125,Philadelphia 76ers,126,Box Score,2OT,"10,061",
261,7:30p,Milwaukee Bucks,100,Boston Celtics,108,Box Score,,"16,649",
262,7:30p,Denver Nuggets,111,Brooklyn Nets,87,Box Score,,"17,732",
263,7:30p,Detroit Pistons,107,Miami Heat,97,Box Score,,"19,741",
264,8:00p,Phoenix Suns,91,Memphis Grizzlies,110,Box Score,,"15,069",
265,8:30p,Charlotte Bobcats,82,Dallas Mavericks,89,Box Score,,"19,612",
266,10:00p,Oklahoma City Thunder,97,Sacramento Kings,95,Box Score,,"15,089",
267,10:30p,Toronto Raptors,103,Golden State Warriors,112,Box Score,,"19,596",
268,7:00p,Denver Nuggets,88,Cleveland Cavaliers,98,Box Score,,"14,642",
269,7:30p,Los Angeles Clippers,97,Atlanta Hawks,107,Box Score,,"12,020",
270,8:00p,Phoenix Suns,97,Houston Rockets,88,Box Score,,"18,151",
271,8:00p,Detroit Pistons,105,Milwaukee Bucks,98,Box Score,,"12,835",
272,8:00p,Dallas Mavericks,100,New Orleans Pelicans,97,Box Score,,"14,524",
273,9:00p,Indiana Pacers,95,Utah Jazz,86,Box Score,,"15,519",
274,10:00p,Oklahoma City Thunder,104,Portland Trail Blazers,111,Box Score,,"18,950",
275,7:00p,New York Knicks,113,Brooklyn Nets,83,Box Score,,"17,732",
276,8:00p,Los Angeles Clippers,101,Memphis Grizzlies,81,Box Score,,"15,112",
277,9:30p,Miami Heat,87,Chicago Bulls,107,Box Score,,"22,125",
278,7:00p,Philadelphia 76ers,88,Charlotte Bobcats,105,Box Score,,"14,088",
279,7:00p,Milwaukee Bucks,109,Washington Wizards,105,Box Score,OT,"18,194",
280,7:30p,Cleveland Cavaliers,89,Atlanta Hawks,108,Box Score,,"13,282",
281,7:30p,Denver Nuggets,98,Boston Celtics,106,Box Score,,"17,263",
282,7:30p,Orlando Magic,83,New York Knicks,121,Box Score,,"19,812",
283,8:00p,Golden State Warriors,83,Houston Rockets,105,Box Score,,"18,145",
284,8:00p,Oklahoma City Thunder,109,New Orleans Pelicans,95,Box Score,,"17,694",
285,9:00p,Toronto Raptors,97,Phoenix Suns,106,Box Score,,"12,672",
286,10:00p,Utah Jazz,98,Portland Trail Blazers,130,Box Score,,"19,833",
287,10:00p,Los Angeles Lakers,106,Sacramento Kings,100,Box Score,,"17,317",
288,7:00p,Denver Nuggets,103,Philadelphia 76ers,92,Box Score,,"13,113",
289,7:30p,Los Angeles Clippers,82,Cleveland Cavaliers,88,Box Score,,"16,216",
290,8:00p,Detroit Pistons,92,Chicago Bulls,75,Box Score,,"21,737",
291,8:00p,Golden State Warriors,108,Memphis Grizzlies,82,Box Score,,"15,088",
292,8:00p,Miami Heat,103,Minnesota Timberwolves,82,Box Score,,"19,888",
293,8:30p,Brooklyn Nets,90,Milwaukee Bucks,82,Box Score,,"14,963",
294,8:30p,Indiana Pacers,111,San Antonio Spurs,100,Box Score,,"18,581",
295,9:00p,Sacramento Kings,112,Utah Jazz,102,Box Score,OT,"16,500",
296,10:00p,Dallas Mavericks,108,Portland Trail Blazers,106,Box Score,,"20,142",
297,6:00p,Miami Heat,110,Detroit Pistons,95,Box Score,,"18,034",
298,7:00p,Orlando Magic,88,Houston Rockets,98,Box Score,,"16,407",
299,7:00p,Indiana Pacers,94,Oklahoma City Thunder,118,Box Score,,"18,203",
300,9:30p,Toronto Raptors,106,Los Angeles Lakers,94,Box Score,,"18,997",
301,12:00a,Boston Celtics,114,New York Knicks,73,Box Score,,"19,812",
302,7:00p,Golden State Warriors,111,Charlotte Bobcats,115,Box Score,,"13,129",
303,7:00p,Los Angeles Clippers,94,Philadelphia 76ers,83,Box Score,,"12,355",
304,7:00p,Denver Nuggets,75,Washington Wizards,74,Box Score,,"13,293",
305,8:00p,Orlando Magic,85,Memphis Grizzlies,94,Box Score,,"13,511",
306,9:00p,Portland Trail Blazers,105,Utah Jazz,94,Box Score,,"17,555",
307,10:00p,Dallas Mavericks,97,Sacramento Kings,112,Box Score,,"15,329",
308,7:00p,New York Knicks,94,Cleveland Cavaliers,109,Box Score,,"14,580",
309,7:00p,Miami Heat,84,Indiana Pacers,90,Box Score,,"18,165",
310,7:00p,San Antonio Spurs,116,Toronto Raptors,103,Box Score,,"17,702",
311,7:30p,Oklahoma City Thunder,101,Atlanta Hawks,92,Box Score,,"12,503",
312,7:30p,Boston Celtics,96,Brooklyn Nets,104,Box Score,,"15,738",
313,7:30p,Minnesota Timberwolves,121,Detroit Pistons,94,Box Score,,"11,251",
314,8:00p,Milwaukee Bucks,78,Chicago Bulls,74,Box Score,,"21,303",
315,10:30p,Phoenix Suns,114,Los Angeles Lakers,108,Box Score,,"18,997",
316,7:00p,Orlando Magic,92,Charlotte Bobcats,83,Box Score,,"11,377",
317,7:30p,Los Angeles Clippers,96,Boston Celtics,88,Box Score,,"17,587",
318,8:00p,Oklahoma City Thunder,116,Memphis Grizzlies,100,Box Score,,"16,345",
319,8:00p,San Antonio Spurs,109,Milwaukee Bucks,77,Box Score,,"11,087",
320,8:00p,Philadelphia 76ers,99,Minnesota Timberwolves,106,Box Score,,"13,450",
321,8:00p,Detroit Pistons,106,New Orleans Pelicans,111,Box Score,OT,"14,517",
322,8:00p,Chicago Bulls,78,New York Knicks,83,Box Score,,"19,812",
323,10:00p,Utah Jazz,122,Sacramento Kings,101,Box Score,,"15,198",
324,10:30p,Dallas Mavericks,93,Golden State Warriors,95,Box Score,,"19,596",
325,8:00p,Los Angeles Clippers,93,Brooklyn Nets,102,Box Score,,"15,563",
326,10:30p,Houston Rockets,104,Portland Trail Blazers,111,Box Score,,"19,997",
327,7:00p,Charlotte Bobcats,94,Indiana Pacers,99,Box Score,,"18,165",
328,7:00p,Cleveland Cavaliers,109,Orlando Magic,100,Box Score,,"16,119",
329,7:00p,Philadelphia 76ers,100,Toronto Raptors,108,Box Score,,"17,133",
330,7:30p,Washington Wizards,99,Atlanta Hawks,101,Box Score,OT,"11,251",
331,7:30p,New York Knicks,86,Boston Celtics,90,Box Score,,"17,479",
332,7:30p,Brooklyn Nets,99,Detroit Pistons,103,Box Score,,"15,159",
333,8:00p,Memphis Grizzlies,98,New Orleans Pelicans,104,Box Score,,"15,516",
334,8:00p,Los Angeles Lakers,97,Oklahoma City Thunder,122,Box Score,,"18,203",
335,8:30p,Chicago Bulls,91,Milwaukee Bucks,90,Box Score,,"15,219",
336,8:30p,Minnesota Timberwolves,110,San Antonio Spurs,117,Box Score,,"18,581",
337,9:00p,Utah Jazz,103,Denver Nuggets,93,Box Score,,"15,616",
338,9:00p,Sacramento Kings,107,Phoenix Suns,116,Box Score,,"14,128",
339,10:30p,Houston Rockets,116,Golden State Warriors,112,Box Score,,"19,596",
340,7:00p,Los Angeles Lakers,88,Charlotte Bobcats,85,Box Score,,"17,101",
341,7:00p,Los Angeles Clippers,113,Washington Wizards,97,Box Score,,"16,509",
342,7:30p,Cleveland Cavaliers,107,Miami Heat,114,Box Score,,"19,656",
343,7:30p,Atlanta Hawks,106,New York Knicks,111,Box Score,,"19,812",
344,8:00p,Toronto Raptors,99,Chicago Bulls,77,Box Score,,"21,386",
345,8:00p,Portland Trail Blazers,139,Philadelphia 76ers,105,Box Score,,"10,189",
346,8:30p,Milwaukee Bucks,93,Dallas Mavericks,106,Box Score,,"19,973",
347,9:00p,San Antonio Spurs,100,Utah Jazz,84,Box Score,,"19,330",
348,6:00p,Portland Trail Blazers,111,Detroit Pistons,109,Box Score,OT,"13,003",
349,6:00p,Minnesota Timberwolves,101,Memphis Grizzlies,93,Box Score,,"15,417",
350,6:00p,Houston Rockets,91,Sacramento Kings,106,Box Score,,"15,606",
351,7:00p,Orlando Magic,98,Oklahoma City Thunder,101,Box Score,,"18,203",
352,8:00p,New Orleans Pelicans,93,Denver Nuggets,102,Box Score,,"15,111",
353,8:00p,Golden State Warriors,102,Phoenix Suns,106,Box Score,,"14,393",
354,7:00p,Detroit Pistons,101,Indiana Pacers,96,Box Score,,"15,443",
355,7:30p,Los Angeles Lakers,100,Atlanta Hawks,114,Box Score,,"15,146",
356,7:30p,Minnesota Timberwolves,97,Boston Celtics,101,Box Score,,"17,071",
357,7:30p,Philadelphia 76ers,94,Brooklyn Nets,130,Box Score,,"16,733",
358,7:30p,Utah Jazz,94,Miami Heat,117,Box Score,,"19,600",
359,7:30p,Washington Wizards,102,New York Knicks,101,Box Score,,"19,812",
360,8:00p,Orlando Magic,83,Chicago Bulls,82,Box Score,,"21,200",
361,10:30p,San Antonio Spurs,92,Los Angeles Clippers,115,Box Score,,"19,253",
362,7:00p,Sacramento Kings,87,Charlotte Bobcats,95,Box Score,,"11,339",
363,7:00p,Portland Trail Blazers,119,Cleveland Cavaliers,116,Box Score,,"15,689",
364,8:00p,Los Angeles Lakers,96,Memphis Grizzlies,92,Box Score,,"17,217",
365,9:00p,Oklahoma City Thunder,105,Denver Nuggets,93,Box Score,,"17,035",
366,10:30p,New Orleans Pelicans,93,Golden State Warriors,104,Box Score,,"19,596",
367,7:00p,Indiana Pacers,94,Miami Heat,97,Box Score,,"19,898",
368,7:00p,Utah Jazz,86,Orlando Magic,82,Box Score,,"15,574",
369,7:00p,Charlotte Bobcats,104,Toronto Raptors,102,Box Score,OT,"15,201",
370,7:30p,Sacramento Kings,107,Atlanta Hawks,124,Box Score,,"10,185",
371,7:30p,Detroit Pistons,107,Boston Celtics,106,Box Score,,"17,101",
372,7:30p,Washington Wizards,113,Brooklyn Nets,107,Box Score,,"16,187",
373,8:00p,New York Knicks,107,Milwaukee Bucks,101,Box Score,2OT,"11,869",
374,8:00p,Portland Trail Blazers,109,Minnesota Timberwolves,120,Box Score,,"13,776",
375,8:30p,Memphis Grizzlies,91,Dallas Mavericks,105,Box Score,,"19,425",
376,9:00p,San Antonio Spurs,108,Phoenix Suns,101,Box Score,,"13,661",
377,9:30p,Chicago Bulls,94,Houston Rockets,109,Box Score,,"18,242",
378,10:30p,New Orleans Pelicans,95,Los Angeles Clippers,108,Box Score,,"19,060",
379,8:00p,Chicago Bulls,95,Oklahoma City Thunder,107,Box Score,,"18,203",
380,10:30p,San Antonio Spurs,104,Golden State Warriors,102,Box Score,,"19,596",
381,7:00p,Brooklyn Nets,120,Philadelphia 76ers,121,Box Score,OT,"15,267",
382,7:30p,Utah Jazz,85,Atlanta Hawks,118,Box Score,,"11,150",
383,7:30p,Milwaukee Bucks,111,Cleveland Cavaliers,114,Box Score,OT,"19,058",
384,7:30p,Charlotte Bobcats,116,Detroit Pistons,106,Box Score,,"12,453",
385,7:30p,Sacramento Kings,103,Miami Heat,122,Box Score,,"19,600",
386,8:00p,Houston Rockets,81,Indiana Pacers,114,Box Score,,"18,165",
387,8:30p,Toronto Raptors,109,Dallas Mavericks,108,Box Score,OT,"19,406",
388,9:00p,Phoenix Suns,103,Denver Nuggets,99,Box Score,,"15,974",
389,10:30p,Minnesota Timberwolves,91,Los Angeles Lakers,104,Box Score,,"18,997",
390,1:00p,Washington Wizards,106,Boston Celtics,99,Box Score,,"18,169",
391,7:00p,Sacramento Kings,105,Orlando Magic,100,Box Score,,"14,283",
392,7:30p,Utah Jazz,88,Charlotte Bobcats,85,Box Score,,"18,078",
393,7:30p,Houston Rockets,114,Detroit Pistons,97,Box Score,,"14,606",
394,8:00p,Cleveland Cavaliers,84,Chicago Bulls,100,Box Score,,"21,658",
395,8:30p,Philadelphia 76ers,106,Milwaukee Bucks,116,Box Score,,"14,541",
396,8:30p,Oklahoma City Thunder,113,San Antonio Spurs,100,Box Score,,"18,581",
397,9:00p,Dallas Mavericks,108,Phoenix Suns,123,Box Score,,"15,241",
398,10:00p,New Orleans Pelicans,107,Portland Trail Blazers,110,Box Score,,"20,027",
399,10:30p,Los Angeles Lakers,83,Golden State Warriors,102,Box Score,,"19,596",
400,10:30p,Denver Nuggets,91,Los Angeles Clippers,112,Box Score,,"19,129",
401,12:00a,Memphis Grizzlies,95,New York Knicks,87,Box Score,,"19,812",
402,6:00p,Boston Celtics,79,Indiana Pacers,106,Box Score,,"18,165",
403,7:00p,Toronto Raptors,104,Oklahoma City Thunder,98,Box Score,,"18,203",
404,9:30p,Minnesota Timberwolves,116,Los Angeles Clippers,120,Box Score,OT,"19,304",
405,7:00p,Milwaukee Bucks,110,Charlotte Bobcats,111,Box Score,OT,"13,534",
406,7:00p,Detroit Pistons,115,Cleveland Cavaliers,92,Box Score,,"19,215",
407,7:00p,New York Knicks,103,Orlando Magic,98,Box Score,,"15,105",
408,7:30p,Indiana Pacers,103,Brooklyn Nets,86,Box Score,,"17,732",
409,7:30p,Atlanta Hawks,119,Miami Heat,121,Box Score,OT,"20,204",
410,8:00p,Dallas Mavericks,111,Houston Rockets,104,Box Score,,"18,328",
411,8:00p,Utah Jazz,94,Memphis Grizzlies,104,Box Score,,"16,665",
412,8:30p,Toronto Raptors,99,San Antonio Spurs,112,Box Score,,"18,581",
413,9:00p,Golden State Warriors,89,Denver Nuggets,81,Box Score,,"18,551",
414,9:00p,Los Angeles Lakers,90,Phoenix Suns,117,Box Score,,"14,814",
415,10:00p,New Orleans Pelicans,113,Sacramento Kings,100,Box Score,,"17,317",
416,2:30p,Oklahoma City Thunder,123,New York Knicks,94,Box Score,,"19,812",
417,5:00p,Miami Heat,101,Los Angeles Lakers,95,Box Score,,"18,997",
418,8:00p,Houston Rockets,111,San Antonio Spurs,98,Box Score,,"18,581",
419,10:30p,Los Angeles Clippers,103,Golden State Warriors,105,Box Score,,"19,596",
420,12:00a,Chicago Bulls,95,Brooklyn Nets,78,Box Score,,"17,732",
421,7:00p,Atlanta Hawks,127,Cleveland Cavaliers,125,Box Score,2OT,"18,682",
422,8:00p,Memphis Grizzlies,92,Houston Rockets,100,Box Score,,"18,201",
423,8:30p,San Antonio Spurs,116,Dallas Mavericks,107,Box Score,,"20,305",
424,10:30p,Los Angeles Clippers,112,Portland Trail Blazers,116,Box Score,OT,"20,053",
425,7:00p,Oklahoma City Thunder,89,Charlotte Bobcats,85,Box Score,,"18,129",
426,7:00p,Detroit Pistons,92,Orlando Magic,109,Box Score,,"16,464",
427,7:30p,Milwaukee Bucks,93,Brooklyn Nets,104,Box Score,,"17,732",
428,7:30p,Toronto Raptors,95,New York Knicks,83,Box Score,,"19,812",
429,8:00p,Washington Wizards,98,Minnesota Timberwolves,120,Box Score,,"16,473",
430,8:00p,Denver Nuggets,89,New Orleans Pelicans,105,Box Score,,"18,089",
431,9:00p,Los Angeles Lakers,103,Utah Jazz,105,Box Score,,"19,911",
432,10:00p,Miami Heat,103,Sacramento Kings,108,Box Score,OT,"17,317",
433,10:30p,Phoenix Suns,86,Golden State Warriors,115,Box Score,,"19,596",
434,1:00p,Cleveland Cavaliers,100,Boston Celtics,103,Box Score,,"18,624",
435,7:00p,Brooklyn Nets,91,Indiana Pacers,105,Box Score,,"18,165",
436,7:00p,New York Knicks,100,Toronto Raptors,115,Box Score,,"19,800",
437,7:00p,Detroit Pistons,82,Washington Wizards,106,Box Score,,"19,336",
438,7:30p,Charlotte Bobcats,116,Atlanta Hawks,118,Box Score,OT,"15,180",
439,8:00p,Dallas Mavericks,105,Chicago Bulls,83,Box Score,,"22,099",
440,8:00p,New Orleans Pelicans,98,Houston Rockets,107,Box Score,,"18,233",
441,8:00p,Denver Nuggets,99,Memphis Grizzlies,120,Box Score,,"17,017",
442,8:30p,Minnesota Timberwolves,117,Milwaukee Bucks,95,Box Score,,"14,971",
443,9:00p,Philadelphia 76ers,101,Phoenix Suns,115,Box Score,,"15,623",
444,10:00p,Miami Heat,108,Portland Trail Blazers,107,Box Score,,"20,071",
445,10:30p,Utah Jazz,90,Los Angeles Clippers,98,Box Score,,"19,278",
446,6:00p,Golden State Warriors,108,Cleveland Cavaliers,104,Box Score,OT,"19,384",
447,6:00p,Atlanta Hawks,102,Orlando Magic,109,Box Score,,"15,415",
448,7:00p,Houston Rockets,86,Oklahoma City Thunder,117,Box Score,,"18,203",
449,7:00p,Sacramento Kings,104,San Antonio Spurs,112,Box Score,,"18,581",
450,9:30p,Philadelphia 76ers,111,Los Angeles Lakers,104,Box Score,,"18,997",
451,7:30p,Washington Wizards,106,Detroit Pistons,99,Box Score,,"15,050",
452,8:00p,Chicago Bulls,95,Memphis Grizzlies,91,Box Score,,"17,688",
453,8:00p,Dallas Mavericks,100,Minnesota Timberwolves,98,Box Score,,"16,111",
454,8:00p,Portland Trail Blazers,108,New Orleans Pelicans,110,Box Score,,"17,035",
455,9:00p,Miami Heat,97,Denver Nuggets,94,Box Score,,"19,155",
456,9:00p,Charlotte Bobcats,80,Utah Jazz,83,Box Score,,"19,125",
457,10:30p,Phoenix Suns,107,Los Angeles Clippers,88,Box Score,,"19,278",
458,1:00p,Atlanta Hawks,92,Boston Celtics,91,Box Score,,"18,624",
459,3:00p,Cleveland Cavaliers,76,Indiana Pacers,91,Box Score,,"18,165",
460,5:00p,Golden State Warriors,94,Orlando Magic,81,Box Score,,"15,062",
461,7:00p,Sacramento Kings,110,Houston Rockets,106,Box Score,,"18,232",
462,7:00p,Brooklyn Nets,92,San Antonio Spurs,113,Box Score,,"17,409",
463,8:00p,Toronto Raptors,85,Chicago Bulls,79,Box Score,,"21,507",
464,8:00p,Portland Trail Blazers,98,Oklahoma City Thunder,94,Box Score,,"18,203",
465,10:30p,Milwaukee Bucks,94,Los Angeles Lakers,79,Box Score,,"18,997",
466,6:00p,Dallas Mavericks,87,Washington Wizards,78,Box Score,,"15,713",
467,7:00p,Indiana Pacers,82,Toronto Raptors,95,Box Score,,"18,271",
468,8:00p,New Orleans Pelicans,112,Minnesota Timberwolves,124,Box Score,,"14,002",
469,9:00p,Philadelphia 76ers,114,Denver Nuggets,102,Box Score,,"16,006",
470,9:30p,Charlotte Bobcats,85,Los Angeles Clippers,112,Box Score,,"19,160",
471,7:00p,Orlando Magic,81,Cleveland Cavaliers,87,Box Score,OT,"14,248",
472,7:30p,Golden State Warriors,123,Miami Heat,114,Box Score,,"20,350",
473,8:00p,Boston Celtics,82,Chicago Bulls,94,Box Score,,"21,721",
474,8:00p,Brooklyn Nets,95,Oklahoma City Thunder,93,Box Score,,"18,203",
475,8:30p,New York Knicks,105,San Antonio Spurs,101,Box Score,,"18,581",
476,9:00p,Memphis Grizzlies,99,Phoenix Suns,91,Box Score,,"14,844",
477,9:00p,Milwaukee Bucks,87,Utah Jazz,96,Box Score,,"16,012",
478,10:00p,Charlotte Bobcats,104,Portland Trail Blazers,134,Box Score,,"20,014",
479,10:00p,Philadelphia 76ers,113,Sacramento Kings,104,Box Score,,"16,259",
480,7:00p,Toronto Raptors,101,Washington Wizards,88,Box Score,,"14,940",
481,7:30p,Golden State Warriors,101,Atlanta Hawks,100,Box Score,,"15,210",
482,7:30p,New Orleans Pelicans,95,Boston Celtics,92,Box Score,,"18,624",
483,8:00p,New York Knicks,100,Houston Rockets,102,Box Score,,"18,304",
484,8:30p,Los Angeles Clippers,119,Dallas Mavericks,112,Box Score,,"20,187",
485,9:00p,Memphis Grizzlies,108,Denver Nuggets,111,Box Score,,"17,608",
486,10:30p,Utah Jazz,99,Los Angeles Lakers,110,Box Score,,"18,997",
487,7:00p,New Orleans Pelicans,82,Indiana Pacers,99,Box Score,,"18,165",
488,7:00p,Miami Heat,110,Orlando Magic,94,Box Score,,"18,846",
489,7:30p,Cleveland Cavaliers,82,Brooklyn Nets,89,Box Score,,"17,732",
490,8:00p,Atlanta Hawks,84,Chicago Bulls,91,Box Score,,"21,539",
491,8:00p,Oklahoma City Thunder,115,Minnesota Timberwolves,111,Box Score,,"18,065",
492,8:30p,Los Angeles Clippers,92,San Antonio Spurs,116,Box Score,,"18,581",
493,9:00p,Milwaukee Bucks,100,Phoenix Suns,116,Box Score,,"14,344",
494,10:00p,Philadelphia 76ers,101,Portland Trail Blazers,99,Box Score,,"20,004",
495,10:00p,Charlotte Bobcats,113,Sacramento Kings,103,Box Score,,"16,410",
496,1:00p,Memphis Grizzlies,112,Detroit Pistons,84,Box Score,,"14,134",
497,6:00p,Indiana Pacers,82,Cleveland Cavaliers,78,Box Score,,"17,502",
498,6:00p,Toronto Raptors,97,Miami Heat,102,Box Score,,"20,020",
499,6:00p,Golden State Warriors,112,Washington Wizards,96,Box Score,,"17,390",
500,7:00p,Boston Celtics,96,Oklahoma City Thunder,119,Box Score,,"18,203",
501,7:30p,New York Knicks,92,Dallas Mavericks,80,Box Score,,"19,892",
502,9:30p,Denver Nuggets,137,Los Angeles Lakers,115,Box Score,,"18,997",
503,7:00p,Minnesota Timberwolves,126,Philadelphia 76ers,95,Box Score,,"10,736",
504,7:30p,Atlanta Hawks,86,Brooklyn Nets,91,Box Score,,"15,326",
505,10:30p,Orlando Magic,81,Los Angeles Clippers,101,Box Score,,"19,060",
506,7:00p,Washington Wizards,97,Charlotte Bobcats,83,Box Score,,"12,079",
507,7:00p,Philadelphia 76ers,93,Cleveland Cavaliers,111,Box Score,,"13,344",
508,7:00p,Toronto Raptors,79,Indiana Pacers,86,Box Score,,"16,147",
509,7:30p,New Orleans Pelicans,88,Miami Heat,107,Box Score,,"20,097",
510,7:30p,Detroit Pistons,85,New York Knicks,89,Box Score,,"19,812",
511,8:00p,Phoenix Suns,87,Chicago Bulls,92,Box Score,,"21,181",
512,8:00p,San Antonio Spurs,110,Memphis Grizzlies,108,Box Score,OT,"15,916",
513,8:00p,Golden State Warriors,101,Milwaukee Bucks,80,Box Score,,"11,739",
514,8:30p,Los Angeles Lakers,97,Dallas Mavericks,110,Box Score,,"19,656",
515,9:00p,Boston Celtics,98,Denver Nuggets,129,Box Score,,"16,224",
516,9:00p,Oklahoma City Thunder,101,Utah Jazz,112,Box Score,,"18,547",
517,10:00p,Portland Trail Blazers,119,Sacramento Kings,123,Box Score,,"15,518",
518,7:00p,Dallas Mavericks,90,San Antonio Spurs,112,Box Score,,"18,581",
519,7:00p,Detroit Pistons,91,Toronto Raptors,112,Box Score,,"16,194",
520,7:30p,Indiana Pacers,87,Atlanta Hawks,97,Box Score,,"15,169",
521,7:30p,Golden State Warriors,98,Brooklyn Nets,102,Box Score,,"17,732",
522,8:00p,Los Angeles Lakers,99,Houston Rockets,113,Box Score,,"18,229",
523,8:00p,Washington Wizards,102,New Orleans Pelicans,96,Box Score,,"17,557",
524,9:30p,Phoenix Suns,104,Minnesota Timberwolves,103,Box Score,,"12,202",
525,10:00p,Orlando Magic,94,Portland Trail Blazers,110,Box Score,,"18,949",
526,10:30p,Boston Celtics,105,Los Angeles Clippers,111,Box Score,,"19,214",
527,8:00p,Miami Heat,92,New York Knicks,102,Box Score,,"19,812",
528,10:30p,Oklahoma City Thunder,88,Denver Nuggets,101,Box Score,,"17,315",
529,7:00p,Washington Wizards,66,Indiana Pacers,93,Box Score,,"18,165",
530,7:00p,Detroit Pistons,114,Philadelphia 76ers,104,Box Score,,"13,742",
531,7:30p,Houston Rockets,80,Atlanta Hawks,83,Box Score,,"13,115",
532,8:00p,Miami Heat,95,Brooklyn Nets,104,Box Score,2OT,"17,732",
533,8:00p,Phoenix Suns,99,Memphis Grizzlies,104,Box Score,,"17,049",
534,8:00p,Charlotte Bobcats,92,Minnesota Timberwolves,119,Box Score,,"13,767",
535,8:00p,Dallas Mavericks,107,New Orleans Pelicans,90,Box Score,,"16,533",
536,8:30p,Chicago Bulls,81,Milwaukee Bucks,72,Box Score,,"15,148",
537,9:00p,Cleveland Cavaliers,113,Utah Jazz,102,Box Score,,"18,480",
538,10:00p,Orlando Magic,83,Sacramento Kings,103,Box Score,,"15,694",
539,10:30p,Boston Celtics,97,Golden State Warriors,99,Box Score,,"19,596",
540,10:30p,Los Angeles Lakers,87,Los Angeles Clippers,123,Box Score,,"19,316",
541,7:00p,Brooklyn Nets,80,Toronto Raptors,96,Box Score,,"19,800",
542,7:00p,Houston Rockets,114,Washington Wizards,107,Box Score,,"17,454",
543,7:30p,Phoenix Suns,108,Detroit Pistons,110,Box Score,,"15,224",
544,7:30p,New York Knicks,102,Philadelphia 76ers,92,Box Score,,"16,278",
545,8:00p,Charlotte Bobcats,97,Chicago Bulls,103,Box Score,,"21,413",
546,8:00p,Milwaukee Bucks,85,Oklahoma City Thunder,101,Box Score,,"18,203",
547,8:30p,New Orleans Pelicans,107,Dallas Mavericks,110,Box Score,,"20,116",
548,9:00p,Orlando Magic,94,Denver Nuggets,120,Box Score,,"17,947",
549,10:00p,Boston Celtics,104,Portland Trail Blazers,112,Box Score,,"20,011",
550,6:00p,Atlanta Hawks,101,Memphis Grizzlies,108,Box Score,,"16,841",
551,6:00p,Cleveland Cavaliers,80,Sacramento Kings,124,Box Score,,"16,072",
552,7:00p,Minnesota Timberwolves,86,San Antonio Spurs,104,Box Score,,"18,098",
553,7:00p,Milwaukee Bucks,94,Toronto Raptors,116,Box Score,,"15,819",
554,7:30p,Houston Rockets,104,Boston Celtics,92,Box Score,,"17,750",
555,7:30p,Phoenix Suns,96,New York Knicks,98,Box Score,OT,"19,812",
556,8:00p,Washington Wizards,102,Chicago Bulls,88,Box Score,,"21,287",
557,8:00p,San Antonio Spurs,101,New Orleans Pelicans,95,Box Score,,"15,552",
558,8:30p,Orlando Magic,88,Dallas Mavericks,107,Box Score,,"19,695",
559,9:00p,Denver Nuggets,103,Utah Jazz,118,Box Score,,"17,232",
560,7:00p,New York Knicks,98,Charlotte Bobcats,108,Box Score,,"15,156",
561,7:00p,Sacramento Kings,92,Indiana Pacers,116,Box Score,,"17,530",
562,8:00p,Oklahoma City Thunder,87,Memphis Grizzlies,90,Box Score,,"17,177",
563,10:30p,Cleveland Cavaliers,120,Los Angeles Lakers,118,Box Score,,"18,997",
564,7:00p,Chicago Bulls,128,Orlando Magic,125,Box Score,3OT,"16,489",
565,7:00p,Charlotte Bobcats,92,Philadelphia 76ers,95,Box Score,,"10,106",
566,7:00p,Miami Heat,97,Washington Wizards,114,Box Score,,"20,356",
567,7:30p,Toronto Raptors,83,Boston Celtics,88,Box Score,,"17,569",
568,8:00p,Memphis Grizzlies,82,Milwaukee Bucks,77,Box Score,,"11,379",
569,8:00p,Sacramento Kings,111,Minnesota Timberwolves,108,Box Score,,"12,399",
570,8:00p,Houston Rockets,103,New Orleans Pelicans,100,Box Score,,"15,918",
571,8:00p,Utah Jazz,105,San Antonio Spurs,109,Box Score,,"17,917",
572,9:00p,Los Angeles Lakers,114,Phoenix Suns,121,Box Score,,"16,022",
573,10:00p,Cleveland Cavaliers,96,Portland Trail Blazers,108,Box Score,,"19,998",
574,10:30p,Denver Nuggets,123,Golden State Warriors,116,Box Score,,"19,596",
575,10:30p,Dallas Mavericks,127,Los Angeles Clippers,129,Box Score,,"19,208",
576,3:00p,Brooklyn Nets,127,Atlanta Hawks,110,Box Score,,"18,689","at London, England"
577,7:00p,New York Knicks,89,Indiana Pacers,117,Box Score,,"18,165",
578,9:30p,Oklahoma City Thunder,104,Houston Rockets,92,Box Score,,"18,231",
579,7:00p,Los Angeles Clippers,109,New York Knicks,95,Box Score,,"19,812",
580,7:00p,Charlotte Bobcats,111,Orlando Magic,101,Box Score,,"16,164",
581,7:00p,Miami Heat,101,Philadelphia 76ers,86,Box Score,,"19,286",
582,7:00p,Minnesota Timberwolves,89,Toronto Raptors,94,Box Score,,"19,800",
583,7:00p,Chicago Bulls,93,Washington Wizards,96,Box Score,,"17,005",
584,7:30p,Los Angeles Lakers,107,Boston Celtics,104,Box Score,,"18,624",
585,7:30p,Utah Jazz,110,Detroit Pistons,89,Box Score,,"18,528",
586,8:00p,Sacramento Kings,90,Memphis Grizzlies,91,Box Score,,"17,212",
587,8:30p,Portland Trail Blazers,109,San Antonio Spurs,100,Box Score,,"18,581",
588,9:00p,Cleveland Cavaliers,117,Denver Nuggets,109,Box Score,,"18,486",
589,9:00p,Dallas Mavericks,110,Phoenix Suns,107,Box Score,,"16,486",
590,9:30p,Golden State Warriors,121,Oklahoma City Thunder,127,Box Score,,"18,203",
591,7:00p,Los Angeles Clippers,92,Indiana Pacers,106,Box Score,,"18,165",
592,7:00p,Detroit Pistons,104,Washington Wizards,98,Box Score,,"17,039",
593,7:30p,Miami Heat,104,Charlotte Bobcats,96,Box Score,OT,"19,631",
594,8:00p,Philadelphia 76ers,78,Chicago Bulls,103,Box Score,,"21,710",
595,8:00p,Milwaukee Bucks,104,Houston Rockets,114,Box Score,,"18,082",
596,8:00p,Utah Jazz,72,Minnesota Timberwolves,98,Box Score,,"17,111",
597,8:00p,Golden State Warriors,97,New Orleans Pelicans,87,Box Score,,"18,045",
598,8:30p,Portland Trail Blazers,127,Dallas Mavericks,111,Box Score,,"20,375",
599,1:00p,Los Angeles Lakers,112,Toronto Raptors,106,Box Score,,"17,706",
600,6:00p,Boston Celtics,91,Orlando Magic,93,Box Score,,"17,548",
601,7:00p,Sacramento Kings,93,Oklahoma City Thunder,108,Box Score,,"18,203",
602,7:00p,Milwaukee Bucks,82,San Antonio Spurs,110,Box Score,,"18,096",
603,8:00p,Denver Nuggets,103,Phoenix Suns,117,Box Score,,"16,211",
604,1:00p,Dallas Mavericks,102,Cleveland Cavaliers,97,Box Score,,"18,762",
605,1:00p,Los Angeles Clippers,112,Detroit Pistons,103,Box Score,,"17,417",
606,2:00p,Toronto Raptors,95,Charlotte Bobcats,100,Box Score,,"14,929",
607,2:00p,Philadelphia 76ers,99,Washington Wizards,107,Box Score,,"18,650",
608,2:30p,Brooklyn Nets,103,New York Knicks,80,Box Score,,"19,812",
609,5:00p,New Orleans Pelicans,95,Memphis Grizzlies,92,Box Score,,"17,485",
610,5:30p,Miami Heat,114,Atlanta Hawks,121,Box Score,,"19,262",
611,8:00p,Los Angeles Lakers,100,Chicago Bulls,102,Box Score,OT,"21,626",
612,8:00p,Portland Trail Blazers,113,Houston Rockets,126,Box Score,,"18,135",
613,10:30p,Indiana Pacers,102,Golden State Warriors,94,Box Score,,"19,596",
614,7:30p,Orlando Magic,90,Brooklyn Nets,101,Box Score,,"15,482",
615,7:30p,Boston Celtics,86,Miami Heat,93,Box Score,,"19,619",
616,8:00p,Sacramento Kings,114,New Orleans Pelicans,97,Box Score,,"16,459",
617,8:00p,Portland Trail Blazers,97,Oklahoma City Thunder,105,Box Score,,"18,203",
618,9:00p,Minnesota Timberwolves,112,Utah Jazz,97,Box Score,,"16,387",
619,7:00p,Los Angeles Clippers,91,Charlotte Bobcats,95,Box Score,,"14,760",
620,7:00p,Chicago Bulls,98,Cleveland Cavaliers,87,Box Score,,"16,890",
621,7:00p,Atlanta Hawks,112,Orlando Magic,109,Box Score,,"16,713",
622,7:00p,Dallas Mavericks,85,Toronto Raptors,93,Box Score,,"18,179",
623,7:00p,Boston Celtics,113,Washington Wizards,111,Box Score,OT,"14,492",
624,7:30p,Philadelphia 76ers,110,New York Knicks,106,Box Score,,"19,812",
625,8:00p,Sacramento Kings,98,Houston Rockets,119,Box Score,,"16,488",
626,8:00p,Detroit Pistons,101,Milwaukee Bucks,104,Box Score,,"11,266",
627,8:00p,Oklahoma City Thunder,111,San Antonio Spurs,105,Box Score,,"18,581",
628,10:30p,Indiana Pacers,100,Phoenix Suns,124,Box Score,,"16,465",
629,8:00p,Los Angeles Lakers,102,Miami Heat,109,Box Score,,"19,608",
630,10:30p,Denver Nuggets,105,Portland Trail Blazers,110,Box Score,,"20,066",
631,7:00p,Los Angeles Lakers,105,Orlando Magic,114,Box Score,,"16,101",
632,7:00p,Toronto Raptors,104,Philadelphia 76ers,95,Box Score,,"11,489",
633,7:30p,San Antonio Spurs,105,Atlanta Hawks,79,Box Score,,"17,601",
634,7:30p,Oklahoma City Thunder,101,Boston Celtics,83,Box Score,,"18,624",
635,7:30p,Dallas Mavericks,106,Brooklyn Nets,107,Box Score,,"16,110",
636,7:30p,Milwaukee Bucks,78,Cleveland Cavaliers,93,Box Score,,"17,147",
637,7:30p,New Orleans Pelicans,103,Detroit Pistons,101,Box Score,,"14,107",
638,7:30p,Charlotte Bobcats,96,New York Knicks,125,Box Score,,"19,812",
639,8:00p,Los Angeles Clippers,112,Chicago Bulls,95,Box Score,,"21,755",
640,8:00p,Memphis Grizzlies,88,Houston Rockets,87,Box Score,,"16,998",
641,9:00p,Washington Wizards,101,Phoenix Suns,95,Box Score,,"16,198",
642,10:00p,Indiana Pacers,116,Sacramento Kings,111,Box Score,OT,"17,317",
643,10:30p,Minnesota Timberwolves,121,Golden State Warriors,120,Box Score,,"19,596",
644,7:00p,Chicago Bulls,89,Charlotte Bobcats,87,Box Score,,"18,252",
645,7:00p,Los Angeles Clippers,126,Toronto Raptors,118,Box Score,,"19,800",
646,7:30p,Oklahoma City Thunder,103,Philadelphia 76ers,91,Box Score,,"19,217",
647,8:00p,Houston Rockets,81,Memphis Grizzlies,99,Box Score,,"17,512",
648,8:30p,Atlanta Hawks,112,Milwaukee Bucks,87,Box Score,,"15,879",
649,9:00p,Indiana Pacers,96,Denver Nuggets,109,Box Score,,"19,155",
650,9:00p,Washington Wizards,101,Utah Jazz,104,Box Score,,"17,754",
651,10:00p,Minnesota Timberwolves,104,Portland Trail Blazers,115,Box Score,,"20,006",
652,1:00p,San Antonio Spurs,101,Miami Heat,113,Box Score,,"19,683",
653,3:30p,Los Angeles Lakers,103,New York Knicks,110,Box Score,,"19,812",
654,6:00p,Phoenix Suns,99,Cleveland Cavaliers,90,Box Score,,"15,872",
655,6:00p,Orlando Magic,92,New Orleans Pelicans,100,Box Score,,"17,197",
656,6:30p,Brooklyn Nets,85,Boston Celtics,79,Box Score,,"18,624",
657,7:30p,Detroit Pistons,106,Dallas Mavericks,116,Box Score,,"19,662",
658,9:00p,Portland Trail Blazers,88,Golden State Warriors,103,Box Score,,"19,596",
659,9:00p,Denver Nuggets,125,Sacramento Kings,117,Box Score,,"15,939",
660,7:00p,Phoenix Suns,124,Philadelphia 76ers,113,Box Score,,"10,793",
661,7:30p,Toronto Raptors,104,Brooklyn Nets,103,Box Score,,"15,790",
662,8:00p,Minnesota Timberwolves,95,Chicago Bulls,86,Box Score,,"21,637",
663,8:00p,Los Angeles Clippers,114,Milwaukee Bucks,86,Box Score,,"11,126",
664,8:00p,Atlanta Hawks,109,Oklahoma City Thunder,111,Box Score,,"18,203",
665,9:00p,Sacramento Kings,99,Utah Jazz,106,Box Score,,"16,663",
666,7:00p,New Orleans Pelicans,100,Cleveland Cavaliers,89,Box Score,,"13,985",
667,7:30p,Orlando Magic,87,Detroit Pistons,103,Box Score,,"11,534",
668,7:30p,Boston Celtics,88,New York Knicks,114,Box Score,,"19,812",
669,8:00p,San Antonio Spurs,90,Houston Rockets,97,Box Score,,"18,314",
670,10:00p,Memphis Grizzlies,98,Portland Trail Blazers,81,Box Score,,"19,385",
671,10:30p,Washington Wizards,88,Golden State Warriors,85,Box Score,,"19,596",
672,10:30p,Indiana Pacers,104,Los Angeles Lakers,92,Box Score,,"18,997",
673,7:00p,Oklahoma City Thunder,112,Miami Heat,95,Box Score,,"19,673",
674,7:00p,Orlando Magic,83,Toronto Raptors,98,Box Score,,"17,694",
675,7:30p,Philadelphia 76ers,95,Boston Celtics,94,Box Score,,"18,624",
676,8:00p,Phoenix Suns,126,Milwaukee Bucks,117,Box Score,,"11,175",
677,8:00p,New Orleans Pelicans,77,Minnesota Timberwolves,88,Box Score,,"11,702",
678,8:30p,Houston Rockets,117,Dallas Mavericks,115,Box Score,,"19,359",
679,9:00p,Charlotte Bobcats,101,Denver Nuggets,98,Box Score,,"16,151",
680,9:30p,Chicago Bulls,96,San Antonio Spurs,86,Box Score,,"18,581",
681,10:00p,Memphis Grizzlies,99,Sacramento Kings,89,Box Score,,"15,195",
682,10:30p,Washington Wizards,103,Los Angeles Clippers,110,Box Score,,"19,060",
683,7:00p,Phoenix Suns,102,Indiana Pacers,94,Box Score,,"16,541",
684,8:00p,Cleveland Cavaliers,86,New York Knicks,117,Box Score,,"19,812",
685,10:30p,Los Angeles Clippers,92,Golden State Warriors,111,Box Score,,"19,596",
686,7:00p,Milwaukee Bucks,102,Orlando Magic,113,Box Score,,"17,292",
687,7:30p,Atlanta Hawks,125,Philadelphia 76ers,99,Box Score,,"14,702",
688,8:00p,Oklahoma City Thunder,120,Brooklyn Nets,95,Box Score,,"17,732",
689,8:00p,Memphis Grizzlies,94,Minnesota Timberwolves,90,Box Score,,"17,429",
690,8:30p,Sacramento Kings,103,Dallas Mavericks,107,Box Score,,"19,614",
691,9:00p,Toronto Raptors,100,Denver Nuggets,90,Box Score,,"17,131",
692,10:30p,Charlotte Bobcats,110,Los Angeles Lakers,100,Box Score,,"18,997",
693,10:30p,Golden State Warriors,95,Utah Jazz,90,Box Score,,"19,911",
694,7:00p,Brooklyn Nets,96,Indiana Pacers,97,Box Score,,"18,165",
695,7:00p,Oklahoma City Thunder,81,Washington Wizards,96,Box Score,,"20,356",
696,7:30p,Minnesota Timberwolves,113,Atlanta Hawks,120,Box Score,,"13,018",
697,7:30p,Philadelphia 76ers,96,Detroit Pistons,113,Box Score,,"16,649",
698,8:00p,Cleveland Cavaliers,92,Houston Rockets,106,Box Score,,"18,309",
699,8:00p,Milwaukee Bucks,90,Memphis Grizzlies,99,Box Score,,"17,017",
700,8:00p,Chicago Bulls,79,New Orleans Pelicans,88,Box Score,,"17,799",
701,8:30p,Miami Heat,106,New York Knicks,91,Box Score,,"19,812",
702,8:30p,Sacramento Kings,93,San Antonio Spurs,95,Box Score,,"18,581",
703,9:00p,Charlotte Bobcats,95,Phoenix Suns,105,Box Score,,"16,248",
704,10:00p,Toronto Raptors,103,Portland Trail Blazers,106,Box Score,,"19,996",
705,10:30p,Utah Jazz,87,Los Angeles Clippers,102,Box Score,,"19,060",
706,1:00p,Orlando Magic,89,Boston Celtics,96,Box Score,,"18,624",
707,7:00p,Orlando Magic,79,Indiana Pacers,98,Box Score,,"16,266",
708,7:00p,Portland Trail Blazers,90,Washington Wizards,100,Box Score,,"13,259",
709,7:30p,Philadelphia 76ers,102,Brooklyn Nets,108,Box Score,,"16,727",
710,7:30p,Detroit Pistons,96,Miami Heat,102,Box Score,,"19,802",
711,8:00p,New York Knicks,98,Milwaukee Bucks,101,Box Score,,"11,147",
712,8:00p,San Antonio Spurs,102,New Orleans Pelicans,95,Box Score,,"17,086",
713,8:00p,Memphis Grizzlies,77,Oklahoma City Thunder,86,Box Score,,"18,203",
714,8:30p,Cleveland Cavaliers,107,Dallas Mavericks,124,Box Score,,"19,595",
715,9:00p,Los Angeles Clippers,115,Denver Nuggets,116,Box Score,,"16,567",
716,9:00p,Toronto Raptors,94,Utah Jazz,79,Box Score,,"17,139",
717,10:00p,Chicago Bulls,70,Sacramento Kings,99,Box Score,,"15,178",
718,7:30p,Indiana Pacers,89,Atlanta Hawks,85,Box Score,,"15,374",
719,8:00p,Los Angeles Lakers,99,Minnesota Timberwolves,109,Box Score,,"12,559",
720,9:00p,Chicago Bulls,101,Phoenix Suns,92,Box Score,,"16,636",
721,10:30p,Charlotte Bobcats,91,Golden State Warriors,75,Box Score,,"19,596",
722,7:00p,Los Angeles Lakers,119,Cleveland Cavaliers,108,Box Score,,"15,205",
723,7:00p,Detroit Pistons,98,Orlando Magic,112,Box Score,,"15,166",
724,7:00p,Boston Celtics,114,Philadelphia 76ers,108,Box Score,,"10,267",
725,7:00p,San Antonio Spurs,125,Washington Wizards,118,Box Score,2OT,"15,791",
726,8:00p,Phoenix Suns,108,Houston Rockets,122,Box Score,,"18,217",
727,8:00p,Dallas Mavericks,110,Memphis Grizzlies,96,Box Score,,"16,188",
728,8:00p,Atlanta Hawks,100,New Orleans Pelicans,105,Box Score,,"16,232",
729,8:00p,Portland Trail Blazers,94,New York Knicks,90,Box Score,,"19,812",
730,8:00p,Minnesota Timberwolves,97,Oklahoma City Thunder,106,Box Score,,"18,203",
731,9:00p,Milwaukee Bucks,100,Denver Nuggets,110,Box Score,,"15,122",
732,10:00p,Toronto Raptors,101,Sacramento Kings,109,Box Score,,"17,317",
733,10:30p,Miami Heat,116,Los Angeles Clippers,112,Box Score,,"19,672",
734,8:00p,San Antonio Spurs,89,Brooklyn Nets,103,Box Score,,"17,732",
735,10:30p,Chicago Bulls,87,Golden State Warriors,102,Box Score,,"19,596",
736,7:00p,Portland Trail Blazers,113,Indiana Pacers,118,Box Score,OT,"18,165",
737,7:00p,Oklahoma City Thunder,102,Orlando Magic,103,Box Score,,"15,595",
738,7:00p,Los Angeles Lakers,112,Philadelphia 76ers,98,Box Score,,"15,211",
739,7:00p,Cleveland Cavaliers,115,Washington Wizards,113,Box Score,,"16,294",
740,7:30p,Sacramento Kings,89,Boston Celtics,99,Box Score,,"18,624",
741,7:30p,Brooklyn Nets,95,Detroit Pistons,111,Box Score,,"13,727",
742,7:30p,Denver Nuggets,90,New York Knicks,117,Box Score,,"19,812",
743,8:30p,Utah Jazz,81,Dallas Mavericks,103,Box Score,,"19,928",
744,9:30p,Minnesota Timberwolves,91,New Orleans Pelicans,98,Box Score,,"16,541",
745,10:30p,Toronto Raptors,105,Los Angeles Clippers,118,Box Score,,"19,060",
746,7:00p,San Antonio Spurs,104,Charlotte Bobcats,100,Box Score,,"19,084",
747,7:30p,Memphis Grizzlies,79,Atlanta Hawks,76,Box Score,,"15,190",
748,7:30p,Denver Nuggets,109,Detroit Pistons,126,Box Score,,"15,870",
749,8:00p,Portland Trail Blazers,117,Minnesota Timberwolves,110,Box Score,,"17,506",
750,8:30p,Houston Rockets,101,Milwaukee Bucks,95,Box Score,,"15,923",
751,9:00p,Golden State Warriors,109,Phoenix Suns,122,Box Score,,"17,846",
752,9:00p,Miami Heat,89,Utah Jazz,94,Box Score,,"19,911",
753,1:00p,New York Knicks,100,Oklahoma City Thunder,112,Box Score,,"18,203",
754,3:30p,Chicago Bulls,92,Los Angeles Lakers,86,Box Score,,"18,997",
755,6:00p,Dallas Mavericks,102,Boston Celtics,91,Box Score,,"17,650",
756,6:00p,New Orleans Pelicans,81,Brooklyn Nets,93,Box Score,,"17,732",
757,6:00p,Memphis Grizzlies,83,Cleveland Cavaliers,91,Box Score,OT,"16,484",
758,6:00p,Indiana Pacers,92,Orlando Magic,93,Box Score,,"16,366",
759,6:00p,Sacramento Kings,84,Washington Wizards,93,Box Score,,"18,173",
760,9:30p,Philadelphia 76ers,78,Los Angeles Clippers,123,Box Score,,"19,157",
761,7:00p,Denver Nuggets,80,Indiana Pacers,119,Box Score,,"16,124",
762,7:00p,New Orleans Pelicans,101,Toronto Raptors,108,Box Score,,"17,596",
763,7:30p,San Antonio Spurs,100,Detroit Pistons,109,Box Score,,"13,628",
764,8:00p,Boston Celtics,102,Milwaukee Bucks,86,Box Score,,"11,016",
765,8:00p,Houston Rockets,107,Minnesota Timberwolves,89,Box Score,,"12,002",
766,10:30p,Philadelphia 76ers,80,Golden State Warriors,123,Box Score,,"19,596",
767,7:00p,Dallas Mavericks,89,Charlotte Bobcats,114,Box Score,,"11,467",
768,7:00p,Sacramento Kings,99,Cleveland Cavaliers,109,Box Score,,"14,245",
769,8:00p,Atlanta Hawks,85,Chicago Bulls,100,Box Score,,"21,325",
770,8:00p,Washington Wizards,89,Memphis Grizzlies,92,Box Score,,"15,613",
771,9:00p,Miami Heat,103,Phoenix Suns,97,Box Score,,"17,927",
772,10:00p,Oklahoma City Thunder,98,Portland Trail Blazers,95,Box Score,,"20,018",
773,10:30p,Utah Jazz,96,Los Angeles Lakers,79,Box Score,,"18,209",
774,7:00p,Dallas Mavericks,81,Indiana Pacers,73,Box Score,,"17,663",
775,7:00p,Memphis Grizzlies,86,Orlando Magic,81,Box Score,,"15,310",
776,7:00p,Atlanta Hawks,83,Toronto Raptors,104,Box Score,,"17,121",
777,7:30p,San Antonio Spurs,104,Boston Celtics,92,Box Score,,"17,922",
778,7:30p,Charlotte Bobcats,89,Brooklyn Nets,105,Box Score,,"16,862",
779,7:30p,Cleveland Cavaliers,93,Detroit Pistons,89,Box Score,,"13,184",
780,7:30p,Sacramento Kings,106,New York Knicks,101,Box Score,OT,"19,812",
781,8:00p,Washington Wizards,112,Houston Rockets,113,Box Score,,"18,314",
782,8:00p,New Orleans Pelicans,102,Milwaukee Bucks,98,Box Score,,"11,012",
783,8:00p,Denver Nuggets,90,Minnesota Timberwolves,117,Box Score,,"12,139",
784,9:00p,Philadelphia 76ers,100,Utah Jazz,105,Box Score,,"19,368",
785,10:30p,Miami Heat,111,Golden State Warriors,110,Box Score,,"19,596",
786,10:30p,Portland Trail Blazers,117,Los Angeles Clippers,122,Box Score,,"19,175",
787,8:00p,Brooklyn Nets,76,Chicago Bulls,92,Box Score,,"21,500",
788,10:30p,Oklahoma City Thunder,107,Los Angeles Lakers,103,Box Score,,"18,997",
789,7:00p,Atlanta Hawks,98,Indiana Pacers,108,Box Score,,"18,165",
790,7:00p,Cleveland Cavaliers,114,Philadelphia 76ers,85,Box Score,,"12,904",
791,7:00p,Toronto Raptors,103,Washington Wizards,93,Box Score,,"15,624",
792,7:30p,Charlotte Bobcats,108,Detroit Pistons,96,Box Score,,"11,285",
793,8:00p,New York Knicks,93,Memphis Grizzlies,98,Box Score,,"17,317",
794,8:00p,Orlando Magic,100,Milwaukee Bucks,104,Box Score,,"11,106",
795,8:30p,Miami Heat,117,Dallas Mavericks,106,Box Score,,"20,461",
796,9:00p,Phoenix Suns,112,Denver Nuggets,107,Box Score,OT,"16,461",
797,10:30p,San Antonio Spurs,113,Los Angeles Clippers,103,Box Score,,"19,257",
798,7:00p,Detroit Pistons,98,Charlotte Bobcats,116,Box Score,,"14,400",
799,7:00p,Orlando Magic,93,Cleveland Cavaliers,101,Box Score,,"16,539",
800,7:00p,Chicago Bulls,94,Toronto Raptors,92,Box Score,,"17,704",
801,7:30p,Washington Wizards,114,Atlanta Hawks,97,Box Score,,"13,529",
802,8:00p,Indiana Pacers,91,Minnesota Timberwolves,104,Box Score,,"15,109",
803,8:00p,New York Knicks,98,New Orleans Pelicans,91,Box Score,,"16,495",
804,9:00p,Boston Celtics,94,Phoenix Suns,100,Box Score,,"16,135",
805,9:00p,Brooklyn Nets,105,Utah Jazz,99,Box Score,,"17,386",
806,10:00p,San Antonio Spurs,111,Portland Trail Blazers,109,Box Score,,"20,057",
807,10:00p,Golden State Warriors,101,Sacramento Kings,92,Box Score,,"17,317",
808,10:30p,Houston Rockets,134,Los Angeles Lakers,108,Box Score,,"18,997",
809,8:00p,Denver Nuggets,101,Milwaukee Bucks,90,Box Score,,"11,186",
810,8:00p,Miami Heat,103,Oklahoma City Thunder,81,Box Score,,"18,203",
811,10:30p,Houston Rockets,99,Golden State Warriors,102,Box Score,OT,"19,596",
812,7:00p,New Orleans Pelicans,87,Charlotte Bobcats,90,Box Score,,"15,867",
813,7:00p,New York Knicks,121,Orlando Magic,129,Box Score,2OT,"16,498",
814,7:00p,Dallas Mavericks,124,Philadelphia 76ers,112,Box Score,,"14,928",
815,7:00p,Cleveland Cavaliers,91,Toronto Raptors,98,Box Score,,"18,854",
816,7:30p,Atlanta Hawks,107,Detroit Pistons,115,Box Score,,"18,053",
817,8:00p,Denver Nuggets,89,Chicago Bulls,117,Box Score,,"21,621",
818,8:00p,Los Angeles Clippers,96,Memphis Grizzlies,102,Box Score,,"17,963",
819,9:00p,San Antonio Spurs,85,Phoenix Suns,106,Box Score,,"18,422",
820,10:00p,Utah Jazz,94,Portland Trail Blazers,102,Box Score,,"19,998",
821,10:30p,Boston Celtics,92,Los Angeles Lakers,101,Box Score,,"18,997",
822,7:00p,Memphis Grizzlies,89,Charlotte Bobcats,92,Box Score,,"18,317",
823,7:00p,New Orleans Pelicans,93,Washington Wizards,94,Box Score,,"18,385",
824,7:30p,New York Knicks,98,Atlanta Hawks,107,Box Score,,"19,045",
825,7:30p,Dallas Mavericks,113,Detroit Pistons,102,Box Score,,"15,213",
826,8:30p,Indiana Pacers,110,Milwaukee Bucks,100,Box Score,,"17,165",
827,9:00p,Minnesota Timberwolves,121,Utah Jazz,104,Box Score,,"19,323",
828,10:00p,Boston Celtics,98,Sacramento Kings,105,Box Score,,"17,317",
829,10:30p,Brooklyn Nets,86,Golden State Warriors,93,Box Score,,"19,596",
830,1:00p,Los Angeles Clippers,125,Oklahoma City Thunder,117,Box Score,,"18,203",
831,3:30p,Chicago Bulls,79,Miami Heat,93,Box Score,,"19,848",
832,6:00p,Washington Wizards,96,Cleveland Cavaliers,83,Box Score,,"17,238",
833,6:00p,Orlando Magic,90,Toronto Raptors,105,Box Score,,"17,435",
834,8:00p,Sacramento Kings,109,Denver Nuggets,95,Box Score,,"16,263",
835,9:00p,Brooklyn Nets,108,Los Angeles Lakers,102,Box Score,,"18,997",
836,9:00p,Houston Rockets,115,Phoenix Suns,112,Box Score,,"15,510",
837,9:00p,Minnesota Timberwolves,97,Portland Trail Blazers,108,Box Score,,"19,458",
838,7:00p,Milwaukee Bucks,130,Philadelphia 76ers,110,Box Score,,"12,216",
839,7:30p,Golden State Warriors,104,Detroit Pistons,96,Box Score,,"14,071",
840,7:30p,Dallas Mavericks,110,New York Knicks,108,Box Score,,"19,812",
841,8:00p,Los Angeles Clippers,123,New Orleans Pelicans,110,Box Score,,"16,185",
842,9:00p,Boston Celtics,98,Utah Jazz,110,Box Score,,"17,130",
843,7:00p,Toronto Raptors,99,Cleveland Cavaliers,93,Box Score,,"13,758",
844,7:00p,Los Angeles Lakers,98,Indiana Pacers,118,Box Score,,"18,165",
845,7:00p,Orlando Magic,106,Washington Wizards,115,Box Score,,"13,306",
846,7:30p,Chicago Bulls,107,Atlanta Hawks,103,Box Score,,"12,418",
847,9:00p,Portland Trail Blazers,100,Denver Nuggets,95,Box Score,,"16,058",
848,9:00p,Minnesota Timberwolves,110,Phoenix Suns,101,Box Score,,"16,273",
849,10:00p,Houston Rockets,129,Sacramento Kings,103,Box Score,,"16,057",
850,7:00p,Orlando Magic,101,Philadelphia 76ers,90,Box Score,,"12,817",
851,7:30p,Atlanta Hawks,104,Boston Celtics,115,Box Score,,"16,605",
852,8:00p,Golden State Warriors,83,Chicago Bulls,103,Box Score,,"21,701",
853,8:00p,New Orleans Pelicans,89,Dallas Mavericks,108,Box Score,,"19,729",
854,8:00p,Los Angeles Lakers,103,Memphis Grizzlies,108,Box Score,,"16,989",
855,8:00p,Cleveland Cavaliers,114,Oklahoma City Thunder,104,Box Score,,"18,203",
856,8:30p,Detroit Pistons,110,San Antonio Spurs,120,Box Score,,"18,581",
857,9:00p,Phoenix Suns,86,Utah Jazz,109,Box Score,,"19,639",
858,10:00p,Brooklyn Nets,80,Portland Trail Blazers,124,Box Score,,"20,015",
859,10:30p,Houston Rockets,93,Los Angeles Clippers,101,Box Score,,"19,258",
860,7:00p,Milwaukee Bucks,96,Indiana Pacers,101,Box Score,,"17,892",
861,7:00p,Washington Wizards,134,Toronto Raptors,129,Box Score,3OT,"17,758",
862,8:00p,New York Knicks,82,Miami Heat,108,Box Score,,"19,634",
863,10:30p,Brooklyn Nets,112,Denver Nuggets,89,Box Score,,"14,826",
864,7:30p,Utah Jazz,79,Cleveland Cavaliers,99,Box Score,,"18,601",
865,8:00p,Golden State Warriors,126,New York Knicks,103,Box Score,,"19,812",
866,8:00p,Memphis Grizzlies,107,Oklahoma City Thunder,113,Box Score,,"18,203",
867,8:30p,Chicago Bulls,100,Dallas Mavericks,91,Box Score,,"20,398",
868,8:30p,Charlotte Bobcats,82,San Antonio Spurs,92,Box Score,,"18,581",
869,10:30p,Sacramento Kings,122,Los Angeles Lakers,126,Box Score,,"18,997",
870,10:30p,New Orleans Pelicans,104,Phoenix Suns,116,Box Score,,"16,578",
871,7:30p,Orlando Magic,98,Miami Heat,112,Box Score,,"19,834",
872,7:30p,Washington Wizards,122,Philadelphia 76ers,103,Box Score,,"20,856",
873,8:00p,Indiana Pacers,102,Boston Celtics,97,Box Score,,"18,624",
874,8:00p,Detroit Pistons,110,Houston Rockets,118,Box Score,,"18,330",
875,8:30p,Brooklyn Nets,107,Milwaukee Bucks,98,Box Score,,"14,081",
876,9:00p,Cleveland Cavaliers,96,Memphis Grizzlies,110,Box Score,,"17,011",
877,10:00p,Denver Nuggets,96,Portland Trail Blazers,102,Box Score,,"20,068",
878,10:00p,Minnesota Timberwolves,108,Sacramento Kings,97,Box Score,,"17,085",
879,10:30p,New Orleans Pelicans,76,Los Angeles Clippers,108,Box Score,,"19,060",
880,1:00p,New York Knicks,90,Chicago Bulls,109,Box Score,,"21,739",
881,4:00p,Golden State Warriors,98,Toronto Raptors,104,Box Score,,"18,658",
882,6:00p,Utah Jazz,91,Indiana Pacers,94,Box Score,,"18,165",
883,6:00p,Philadelphia 76ers,81,Orlando Magic,92,Box Score,,"16,704",
884,7:00p,Charlotte Bobcats,99,Oklahoma City Thunder,116,Box Score,,"18,203",
885,7:00p,Dallas Mavericks,106,San Antonio Spurs,112,Box Score,,"18,581",
886,8:00p,Atlanta Hawks,120,Phoenix Suns,129,Box Score,,"16,759",
887,7:00p,Memphis Grizzlies,110,Washington Wizards,104,Box Score,,"14,065",
888,7:30p,Chicago Bulls,80,Brooklyn Nets,96,Box Score,,"17,732",
889,7:30p,New York Knicks,85,Detroit Pistons,96,Box Score,,"14,742",
890,7:30p,Charlotte Bobcats,107,Miami Heat,124,Box Score,,"19,727",
891,8:00p,Utah Jazz,88,Milwaukee Bucks,114,Box Score,,"10,022",
892,9:00p,Minnesota Timberwolves,132,Denver Nuggets,128,Box Score,,"15,240",
893,10:00p,Los Angeles Lakers,107,Portland Trail Blazers,106,Box Score,,"20,013",
894,10:00p,New Orleans Pelicans,89,Sacramento Kings,96,Box Score,,"16,225",
895,7:00p,San Antonio Spurs,122,Cleveland Cavaliers,101,Box Score,,"17,966",
896,7:00p,Golden State Warriors,98,Indiana Pacers,96,Box Score,,"18,165",
897,8:00p,Miami Heat,103,Houston Rockets,106,Box Score,,"18,523",
898,8:00p,Philadelphia 76ers,92,Oklahoma City Thunder,125,Box Score,,"18,203",
899,9:00p,Los Angeles Clippers,104,Phoenix Suns,96,Box Score,,"15,068",
900,10:30p,New Orleans Pelicans,132,Los Angeles Lakers,125,Box Score,,"18,436",
901,7:00p,Indiana Pacers,87,Charlotte Bobcats,109,Box Score,,"15,372",
902,7:00p,Houston Rockets,101,Orlando Magic,89,Box Score,,"16,012",
903,7:00p,Utah Jazz,91,Washington Wizards,104,Box Score,,"13,911",
904,7:30p,Golden State Warriors,108,Boston Celtics,88,Box Score,,"18,155",
905,7:30p,Memphis Grizzlies,94,Brooklyn Nets,103,Box Score,,"17,053",
906,7:30p,Chicago Bulls,105,Detroit Pistons,94,Box Score,,"14,007",
907,8:00p,Dallas Mavericks,110,Denver Nuggets,115,Box Score,,"14,541",
908,8:00p,Sacramento Kings,116,Milwaukee Bucks,102,Box Score,,"11,079",
909,8:00p,New York Knicks,118,Minnesota Timberwolves,106,Box Score,,"14,294",
910,10:30p,Atlanta Hawks,78,Portland Trail Blazers,102,Box Score,,"20,043",
911,8:00p,Miami Heat,87,San Antonio Spurs,111,Box Score,,"18,581",
912,9:00p,Oklahoma City Thunder,122,Phoenix Suns,128,Box Score,,"17,816",
913,10:30p,Los Angeles Clippers,142,Los Angeles Lakers,94,Box Score,,"18,488",
914,7:00p,Cleveland Cavaliers,92,Charlotte Bobcats,101,Box Score,,"15,688",
915,7:00p,Memphis Grizzlies,85,Chicago Bulls,77,Box Score,,"21,318",
916,7:00p,Sacramento Kings,87,Toronto Raptors,99,Box Score,,"18,188",
917,7:30p,Brooklyn Nets,84,Boston Celtics,91,Box Score,,"18,195",
918,7:30p,Utah Jazz,81,New York Knicks,108,Box Score,,"19,812",
919,8:00p,Detroit Pistons,101,Minnesota Timberwolves,114,Box Score,,"16,242",
920,8:00p,Milwaukee Bucks,104,New Orleans Pelicans,112,Box Score,,"16,061",
921,8:30p,Portland Trail Blazers,98,Dallas Mavericks,103,Box Score,,"20,251",
922,9:00p,Los Angeles Lakers,126,Denver Nuggets,134,Box Score,,"18,248",
923,9:30p,Indiana Pacers,86,Houston Rockets,112,Box Score,,"18,332",
924,10:30p,Atlanta Hawks,97,Golden State Warriors,111,Box Score,,"19,596",
925,7:30p,New York Knicks,107,Cleveland Cavaliers,97,Box Score,,"20,562",
926,7:30p,Utah Jazz,104,Philadelphia 76ers,92,Box Score,,"13,569",
927,8:00p,Charlotte Bobcats,89,Memphis Grizzlies,111,Box Score,,"17,298",
928,8:30p,Orlando Magic,112,San Antonio Spurs,121,Box Score,,"18,581",
929,9:00p,Washington Wizards,114,Milwaukee Bucks,107,Box Score,,"14,839",
930,10:30p,Atlanta Hawks,108,Los Angeles Clippers,109,Box Score,,"19,178",
931,1:00p,Miami Heat,88,Chicago Bulls,95,Box Score,OT,"22,028",
932,3:30p,Oklahoma City Thunder,110,Los Angeles Lakers,114,Box Score,,"18,997",
933,6:00p,Detroit Pistons,111,Boston Celtics,118,Box Score,,"18,624",
934,6:00p,Sacramento Kings,89,Brooklyn Nets,104,Box Score,,"17,732",
935,6:00p,Denver Nuggets,107,New Orleans Pelicans,111,Box Score,OT,"17,115",
936,7:00p,Portland Trail Blazers,113,Houston Rockets,118,Box Score,OT,"18,321",
937,7:00p,Toronto Raptors,111,Minnesota Timberwolves,104,Box Score,,"13,116",
938,7:30p,Indiana Pacers,94,Dallas Mavericks,105,Box Score,,"20,361",
939,9:00p,Phoenix Suns,107,Golden State Warriors,113,Box Score,,"19,596",
940,7:00p,Denver Nuggets,98,Charlotte Bobcats,105,Box Score,,"14,312",
941,7:30p,Toronto Raptors,97,Brooklyn Nets,101,Box Score,,"17,351",
942,7:30p,Washington Wizards,90,Miami Heat,99,Box Score,,"19,657",
943,7:30p,Philadelphia 76ers,110,New York Knicks,123,Box Score,,"19,812",
944,8:00p,Orlando Magic,98,Milwaukee Bucks,105,Box Score,,"10,114",
945,9:00p,Atlanta Hawks,112,Utah Jazz,110,Box Score,,"17,774",
946,10:30p,Phoenix Suns,105,Los Angeles Clippers,112,Box Score,,"19,226",
947,7:00p,Boston Celtics,83,Indiana Pacers,94,Box Score,,"18,165",
948,7:30p,Sacramento Kings,89,Detroit Pistons,99,Box Score,,"15,234",
949,8:00p,San Antonio Spurs,104,Chicago Bulls,96,Box Score,,"21,634",
950,8:00p,Portland Trail Blazers,99,Memphis Grizzlies,109,Box Score,,"17,391",
951,8:00p,Milwaukee Bucks,101,Minnesota Timberwolves,112,Box Score,,"12,473",
952,8:00p,Houston Rockets,98,Oklahoma City Thunder,106,Box Score,,"18,203",
953,10:30p,Dallas Mavericks,85,Golden State Warriors,108,Box Score,,"19,596",
954,7:00p,Brooklyn Nets,96,Miami Heat,95,Box Score,,"19,616",
955,7:00p,Denver Nuggets,120,Orlando Magic,112,Box Score,,"16,097",
956,7:00p,Sacramento Kings,115,Philadelphia 76ers,98,Box Score,,"11,109",
957,7:00p,Detroit Pistons,87,Toronto Raptors,101,Box Score,,"18,247",
958,7:00p,Charlotte Bobcats,98,Washington Wizards,85,Box Score,,"17,220",
959,7:30p,New York Knicks,116,Boston Celtics,92,Box Score,,"18,624",
960,8:00p,Memphis Grizzlies,90,New Orleans Pelicans,88,Box Score,,"16,513",
961,9:00p,Dallas Mavericks,108,Utah Jazz,101,Box Score,,"17,982",
962,9:30p,Portland Trail Blazers,90,San Antonio Spurs,103,Box Score,,"18,581",
963,10:00p,Cleveland Cavaliers,110,Phoenix Suns,101,Box Score,,"17,902",
964,10:30p,Golden State Warriors,98,Los Angeles Clippers,111,Box Score,,"19,570",
965,7:00p,Houston Rockets,87,Chicago Bulls,111,Box Score,,"21,747",
966,7:30p,Milwaukee Bucks,97,Atlanta Hawks,102,Box Score,,"12,554",
967,9:30p,Los Angeles Lakers,102,Oklahoma City Thunder,131,Box Score,,"18,203",
968,7:00p,Minnesota Timberwolves,93,Charlotte Bobcats,105,Box Score,,"16,983",
969,7:00p,Washington Wizards,105,Orlando Magic,101,Box Score,OT,"16,011",
970,7:00p,Indiana Pacers,101,Philadelphia 76ers,94,Box Score,,"14,754",
971,7:00p,Memphis Grizzlies,86,Toronto Raptors,99,Box Score,,"18,465",
972,7:30p,Phoenix Suns,87,Boston Celtics,80,Box Score,,"18,624",
973,7:30p,Denver Nuggets,111,Miami Heat,107,Box Score,,"19,600",
974,8:00p,Portland Trail Blazers,111,New Orleans Pelicans,103,Box Score,,"16,913",
975,8:30p,Los Angeles Lakers,85,San Antonio Spurs,119,Box Score,,"18,581",
976,9:00p,Los Angeles Clippers,96,Utah Jazz,87,Box Score,,"19,381",
977,10:30p,Cleveland Cavaliers,103,Golden State Warriors,94,Box Score,,"19,596",
978,7:00p,Brooklyn Nets,94,Washington Wizards,101,Box Score,,"20,356",
979,7:30p,Denver Nuggets,92,Atlanta Hawks,97,Box Score,,"16,921",
980,7:30p,Indiana Pacers,112,Detroit Pistons,104,Box Score,OT,"17,440",
981,7:30p,Memphis Grizzlies,103,Philadelphia 76ers,77,Box Score,,"15,164",
982,8:00p,Sacramento Kings,87,Chicago Bulls,94,Box Score,,"22,012",
983,12:00a,Milwaukee Bucks,94,New York Knicks,115,Box Score,,"19,812",
984,1:00p,Charlotte Bobcats,101,Milwaukee Bucks,92,Box Score,,"14,536",
985,1:00p,Phoenix Suns,121,Toronto Raptors,113,Box Score,,"18,717",
986,3:30p,Houston Rockets,104,Miami Heat,113,Box Score,,"19,666",
987,6:00p,Boston Celtics,120,New Orleans Pelicans,121,Box Score,OT,"17,050",
988,7:00p,Sacramento Kings,102,Minnesota Timberwolves,104,Box Score,,"13,171",
989,7:00p,Dallas Mavericks,109,Oklahoma City Thunder,86,Box Score,,"18,203",
990,7:00p,Utah Jazz,104,San Antonio Spurs,122,Box Score,,"18,242",
991,9:00p,Golden State Warriors,113,Portland Trail Blazers,112,Box Score,,"20,063",
992,9:30p,Cleveland Cavaliers,80,Los Angeles Clippers,102,Box Score,,"19,274",
993,7:00p,Atlanta Hawks,97,Charlotte Bobcats,83,Box Score,,"14,419",
994,7:00p,Philadelphia 76ers,90,Indiana Pacers,99,Box Score,,"18,165",
995,7:30p,Phoenix Suns,95,Brooklyn Nets,108,Box Score,,"17,401",
996,8:00p,Oklahoma City Thunder,97,Chicago Bulls,85,Box Score,,"22,261",
997,8:00p,Utah Jazz,86,Houston Rockets,124,Box Score,,"18,156",
998,8:30p,Boston Celtics,89,Dallas Mavericks,94,Box Score,,"20,132",
999,10:30p,Los Angeles Clippers,100,Denver Nuggets,110,Box Score,,"16,553",
1000,7:00p,Miami Heat,100,Cleveland Cavaliers,96,Box Score,,"20,562",
1001,7:30p,Toronto Raptors,113,Atlanta Hawks,118,Box Score,OT,"11,759",
1002,10:00p,Milwaukee Bucks,115,Portland Trail Blazers,120,Box Score,OT,"19,572",
1003,10:00p,Washington Wizards,111,Sacramento Kings,117,Box Score,OT,"16,084",
1004,10:30p,Orlando Magic,89,Golden State Warriors,103,Box Score,,"19,596",
1005,7:00p,Chicago Bulls,102,Philadelphia 76ers,94,Box Score,,"13,222",
1006,7:30p,Miami Heat,96,Boston Celtics,101,Box Score,,"18,624",
1007,7:30p,Charlotte Bobcats,99,Brooklyn Nets,104,Box Score,,"17,222",
1008,8:00p,Utah Jazz,86,Memphis Grizzlies,96,Box Score,,"17,011",
1009,8:00p,Toronto Raptors,107,New Orleans Pelicans,100,Box Score,,"15,282",
1010,8:00p,Indiana Pacers,86,New York Knicks,92,Box Score,,"19,812",
1011,8:30p,Minnesota Timberwolves,123,Dallas Mavericks,122,Box Score,OT,"20,100",
1012,9:00p,Detroit Pistons,109,Denver Nuggets,118,Box Score,,"16,671",
1013,10:00p,Orlando Magic,93,Phoenix Suns,109,Box Score,,"17,508",
1014,10:30p,San Antonio Spurs,125,Los Angeles Lakers,109,Box Score,,"18,997",
1015,7:00p,Oklahoma City Thunder,102,Cleveland Cavaliers,95,Box Score,,"18,246",
1016,8:00p,Minnesota Timberwolves,106,Houston Rockets,129,Box Score,,"18,315",
1017,10:00p,Washington Wizards,103,Portland Trail Blazers,116,Box Score,,"19,571",
1018,10:30p,Milwaukee Bucks,110,Golden State Warriors,115,Box Score,,"19,596",
1019,7:00p,Chicago Bulls,79,Indiana Pacers,91,Box Score,,"18,165",
1020,7:00p,New York Knicks,93,Philadelphia 76ers,92,Box Score,,"12,745",
1021,7:00p,Oklahoma City Thunder,119,Toronto Raptors,118,Box Score,2OT,"19,800",
1022,7:30p,New Orleans Pelicans,111,Atlanta Hawks,105,Box Score,,"15,476",
1023,7:30p,Boston Celtics,98,Brooklyn Nets,114,Box Score,,"17,732",
1024,7:30p,Memphis Grizzlies,86,Miami Heat,91,Box Score,,"20,007",
1025,8:30p,Denver Nuggets,106,Dallas Mavericks,122,Box Score,,"20,188",
1026,10:00p,Detroit Pistons,92,Phoenix Suns,98,Box Score,,"18,422",
1027,10:00p,San Antonio Spurs,99,Sacramento Kings,79,Box Score,,"17,317",
1028,10:30p,Washington Wizards,117,Los Angeles Lakers,107,Box Score,,"18,112",
1029,7:00p,Portland Trail Blazers,94,Charlotte Bobcats,124,Box Score,,"18,706",
1030,7:30p,Houston Rockets,118,Cleveland Cavaliers,111,Box Score,,"19,058",
1031,8:00p,Philadelphia 76ers,81,Chicago Bulls,91,Box Score,,"21,799",
1032,8:00p,Indiana Pacers,71,Memphis Grizzlies,82,Box Score,,"18,119",
1033,8:00p,Miami Heat,95,New Orleans Pelicans,105,Box Score,,"18,185",
1034,9:00p,Orlando Magic,88,Utah Jazz,89,Box Score,,"19,228",
1035,10:30p,San Antonio Spurs,99,Golden State Warriors,90,Box Score,,"19,596",
1036,10:30p,Detroit Pistons,103,Los Angeles Clippers,112,Box Score,,"19,214",
1037,1:00p,Atlanta Hawks,86,Toronto Raptors,96,Box Score,,"18,140",
1038,3:30p,Phoenix Suns,127,Minnesota Timberwolves,120,Box Score,,"17,866",
1039,5:00p,Washington Wizards,102,Denver Nuggets,105,Box Score,,"18,324",
1040,6:00p,Milwaukee Bucks,107,Sacramento Kings,124,Box Score,,"16,341",
1041,7:30p,Brooklyn Nets,107,Dallas Mavericks,104,Box Score,OT,"19,603",
1042,7:30p,Cleveland Cavaliers,106,New York Knicks,100,Box Score,,"19,812",
1043,9:30p,Orlando Magic,94,Los Angeles Lakers,103,Box Score,,"17,803",
1044,7:00p,Houston Rockets,100,Charlotte Bobcats,89,Box Score,,"15,511",
1045,7:30p,Phoenix Suns,102,Atlanta Hawks,95,Box Score,,"12,240",
1046,7:30p,Portland Trail Blazers,91,Miami Heat,93,Box Score,,"20,030",
1047,8:00p,Indiana Pacers,77,Chicago Bulls,89,Box Score,,"21,803",
1048,8:00p,Minnesota Timberwolves,92,Memphis Grizzlies,109,Box Score,,"17,784",
1049,8:00p,Brooklyn Nets,104,New Orleans Pelicans,109,Box Score,OT,"14,599",
1050,8:00p,Denver Nuggets,96,Oklahoma City Thunder,117,Box Score,,"18,203",
1051,8:30p,Philadelphia 76ers,91,San Antonio Spurs,113,Box Score,,"17,798",
1052,9:00p,Detroit Pistons,114,Utah Jazz,94,Box Score,,"17,595",
1053,10:30p,Milwaukee Bucks,98,Los Angeles Clippers,106,Box Score,,"19,060",
1054,7:00p,Toronto Raptors,100,Cleveland Cavaliers,102,Box Score,,"15,497",
1055,7:00p,Portland Trail Blazers,85,Orlando Magic,95,Box Score,,"17,896",
1056,8:00p,Oklahoma City Thunder,119,Dallas Mavericks,128,Box Score,OT,"19,607",
1057,10:30p,New York Knicks,96,Los Angeles Lakers,127,Box Score,,"18,997",
1058,7:00p,Brooklyn Nets,111,Charlotte Bobcats,116,Box Score,OT,"15,943",
1059,7:00p,Phoenix Suns,99,Washington Wizards,93,Box Score,,"18,805",
1060,7:30p,Toronto Raptors,99,Boston Celtics,90,Box Score,,"18,341",
1061,7:30p,Cleveland Cavaliers,97,Detroit Pistons,96,Box Score,,"15,979",
1062,8:00p,Miami Heat,83,Indiana Pacers,84,Box Score,,"18,165",
1063,8:00p,Atlanta Hawks,83,Minnesota Timberwolves,107,Box Score,,"11,632",
1064,8:00p,Los Angeles Clippers,96,New Orleans Pelicans,98,Box Score,,"16,363",
1065,8:30p,Denver Nuggets,103,San Antonio Spurs,108,Box Score,,"17,949",
1066,10:00p,New York Knicks,107,Sacramento Kings,99,Box Score,,"15,594",
1067,10:30p,Memphis Grizzlies,91,Utah Jazz,87,Box Score,,"19,081",
1068,7:30p,Portland Trail Blazers,100,Atlanta Hawks,85,Box Score,,"13,228",
1069,8:00p,Philadelphia 76ers,98,Houston Rockets,120,Box Score,,"18,334",
1070,8:00p,Los Angeles Lakers,105,Milwaukee Bucks,108,Box Score,,"15,439",
1071,8:30p,Los Angeles Clippers,109,Dallas Mavericks,103,Box Score,,"19,912",
1072,7:00p,Charlotte Bobcats,105,Orlando Magic,110,Box Score,OT,"16,003",
1073,7:00p,Boston Celtics,103,Toronto Raptors,105,Box Score,,"19,800",
1074,7:00p,Indiana Pacers,78,Washington Wizards,91,Box Score,,"19,708",
1075,7:30p,Cleveland Cavaliers,97,Brooklyn Nets,108,Box Score,,"17,732",
1076,7:30p,Miami Heat,110,Detroit Pistons,78,Box Score,,"21,231",
1077,8:00p,Portland Trail Blazers,91,Chicago Bulls,74,Box Score,,"22,055",
1078,8:00p,Los Angeles Lakers,107,Minnesota Timberwolves,143,Box Score,,"16,442",
1079,8:00p,Utah Jazz,95,New Orleans Pelicans,102,Box Score,,"17,699",
1080,8:00p,Sacramento Kings,81,Oklahoma City Thunder,94,Box Score,,"18,203",
1081,9:00p,San Antonio Spurs,133,Denver Nuggets,102,Box Score,,"19,155",
1082,10:00p,New York Knicks,88,Phoenix Suns,112,Box Score,,"17,106",
1083,10:30p,Memphis Grizzlies,93,Golden State Warriors,100,Box Score,,"19,596",
1084,7:30p,Detroit Pistons,98,Philadelphia 76ers,123,Box Score,,"17,438",
1085,8:00p,Los Angeles Clippers,118,Houston Rockets,107,Box Score,,"18,337",
1086,8:00p,Atlanta Hawks,97,Washington Wizards,101,Box Score,,"17,996",
1087,8:30p,Sacramento Kings,100,Dallas Mavericks,103,Box Score,,"20,210",
1088,8:30p,Miami Heat,88,Milwaukee Bucks,67,Box Score,,"17,986",
1089,8:30p,New Orleans Pelicans,80,San Antonio Spurs,96,Box Score,,"18,581",
1090,3:00p,Indiana Pacers,76,Cleveland Cavaliers,90,Box Score,,"17,147",
1091,3:00p,Utah Jazz,96,Oklahoma City Thunder,116,Box Score,,"18,203",
1092,6:00p,Minnesota Timberwolves,99,Brooklyn Nets,114,Box Score,,"17,732",
1093,6:00p,Toronto Raptors,98,Orlando Magic,93,Box Score,,"16,018",
1094,7:00p,Chicago Bulls,107,Boston Celtics,102,Box Score,,"18,624",
1095,9:00p,New York Knicks,89,Golden State Warriors,84,Box Score,,"19,596",
1096,9:00p,Memphis Grizzlies,98,Portland Trail Blazers,105,Box Score,,"19,994",
1097,9:30p,Phoenix Suns,99,Los Angeles Lakers,115,Box Score,,"18,355",
1098,7:00p,Washington Wizards,94,Charlotte Bobcats,100,Box Score,,"14,894",
1099,7:00p,San Antonio Spurs,103,Indiana Pacers,77,Box Score,,"18,165",
1100,7:30p,Philadelphia 76ers,95,Atlanta Hawks,103,Box Score,,"11,096",
1101,7:30p,Milwaukee Bucks,111,Detroit Pistons,116,Box Score,,"13,062",
1102,7:30p,Toronto Raptors,83,Miami Heat,93,Box Score,,"19,831",
1103,8:00p,Boston Celtics,80,Chicago Bulls,94,Box Score,,"21,494",
1104,8:00p,Los Angeles Clippers,114,Minnesota Timberwolves,104,Box Score,,"12,172",
1105,8:00p,Sacramento Kings,102,New Orleans Pelicans,97,Box Score,,"15,548",
1106,9:00p,Memphis Grizzlies,94,Denver Nuggets,92,Box Score,,"14,570",
1107,9:00p,New York Knicks,92,Utah Jazz,83,Box Score,,"18,653",
1108,8:00p,Houston Rockets,96,Brooklyn Nets,105,Box Score,,"17,732",
1109,8:30p,Golden State Warriors,122,Dallas Mavericks,120,Box Score,OT,"20,423",
1110,10:30p,Portland Trail Blazers,124,Los Angeles Lakers,112,Box Score,,"18,110",
1111,7:00p,Detroit Pistons,94,Indiana Pacers,101,Box Score,,"18,165",
1112,7:00p,Brooklyn Nets,81,New York Knicks,110,Box Score,,"19,812",
1113,7:00p,Cleveland Cavaliers,119,Orlando Magic,98,Box Score,,"16,092",
1114,7:00p,Charlotte Bobcats,123,Philadelphia 76ers,93,Box Score,,"12,136",
1115,7:00p,Houston Rockets,103,Toronto Raptors,107,Box Score,,"18,294",
1116,7:00p,Boston Celtics,92,Washington Wizards,118,Box Score,,"17,770",
1117,7:30p,Chicago Bulls,105,Atlanta Hawks,92,Box Score,,"17,029",
1118,7:30p,Milwaukee Bucks,77,Miami Heat,96,Box Score,,"19,609",
1119,8:00p,Memphis Grizzlies,88,Minnesota Timberwolves,102,Box Score,,"12,009",
1120,8:30p,Golden State Warriors,90,San Antonio Spurs,111,Box Score,,"18,581",
1121,9:00p,New Orleans Pelicans,107,Denver Nuggets,137,Box Score,,"14,783",
1122,10:00p,Los Angeles Clippers,112,Phoenix Suns,108,Box Score,,"16,091",
1123,10:00p,Los Angeles Lakers,102,Sacramento Kings,107,Box Score,,"17,317",
1124,8:00p,San Antonio Spurs,94,Oklahoma City Thunder,106,Box Score,,"18,203",
1125,10:30p,Dallas Mavericks,113,Los Angeles Clippers,107,Box Score,,"19,222",
1126,7:00p,Orlando Magic,80,Charlotte Bobcats,91,Box Score,,"17,708",
1127,7:00p,Denver Nuggets,92,Memphis Grizzlies,100,Box Score,,"17,011",
1128,7:00p,Indiana Pacers,94,Toronto Raptors,102,Box Score,,"19,800",
1129,7:30p,Cleveland Cavaliers,98,Atlanta Hawks,117,Box Score,,"16,210",
1130,7:30p,Philadelphia 76ers,111,Boston Celtics,102,Box Score,,"18,624",
1131,7:30p,Detroit Pistons,104,Brooklyn Nets,116,Box Score,,"16,754",
1132,7:30p,Minnesota Timberwolves,122,Miami Heat,121,Box Score,2OT,"19,661",
1133,7:30p,Washington Wizards,90,New York Knicks,89,Box Score,,"19,812",
1134,8:00p,Milwaukee Bucks,90,Chicago Bulls,102,Box Score,,"21,996",
1135,9:00p,New Orleans Pelicans,96,Utah Jazz,100,Box Score,,"19,681",
1136,9:30p,Oklahoma City Thunder,107,Houston Rockets,111,Box Score,,"18,407",
1137,10:00p,Phoenix Suns,109,Portland Trail Blazers,93,Box Score,,"20,089",
1138,10:30p,Sacramento Kings,69,Golden State Warriors,102,Box Score,,"19,596",
1139,10:30p,Dallas Mavericks,107,Los Angeles Lakers,95,Box Score,,"18,997",
1140,7:00p,Minnesota Timberwolves,92,Orlando Magic,100,Box Score,,"16,992",
1141,7:00p,Chicago Bulls,96,Washington Wizards,78,Box Score,,"19,661",
1142,7:30p,Charlotte Bobcats,96,Cleveland Cavaliers,94,Box Score,OT,"18,179",
1143,7:30p,Boston Celtics,111,Detroit Pistons,115,Box Score,,"19,558",
1144,7:30p,Brooklyn Nets,105,Philadelphia 76ers,101,Box Score,,"16,133",
1145,8:30p,Toronto Raptors,102,Milwaukee Bucks,98,Box Score,,"16,310",
1146,1:00p,New York Knicks,91,Miami Heat,102,Box Score,,"19,647",
1147,3:30p,Los Angeles Lakers,97,Los Angeles Clippers,120,Box Score,,"19,239",
1148,6:00p,Atlanta Hawks,107,Indiana Pacers,88,Box Score,,"18,165",
1149,6:00p,Dallas Mavericks,93,Sacramento Kings,91,Box Score,,"17,023",
1150,7:00p,Denver Nuggets,125,Houston Rockets,130,Box Score,OT,"18,325",
1151,7:00p,Memphis Grizzlies,92,San Antonio Spurs,112,Box Score,,"18,581",
1152,9:00p,Utah Jazz,102,Golden State Warriors,130,Box Score,,"19,596",
1153,9:00p,Oklahoma City Thunder,115,Phoenix Suns,122,Box Score,,"18,422",
1154,9:00p,New Orleans Pelicans,94,Portland Trail Blazers,100,Box Score,,"20,036",
1155,7:30p,Detroit Pistons,102,Atlanta Hawks,95,Box Score,,"10,587",
1156,8:00p,Brooklyn Nets,88,Miami Heat,87,Box Score,,"19,600",
1157,8:00p,San Antonio Spurs,91,Minnesota Timberwolves,110,Box Score,,"10,117",
1158,9:00p,Dallas Mavericks,95,Utah Jazz,83,Box Score,,"18,102",
1159,10:00p,Oklahoma City Thunder,107,Sacramento Kings,92,Box Score,,"16,696",
1160,10:30p,Houston Rockets,145,Los Angeles Lakers,130,Box Score,,"18,131",
1161,7:00p,Detroit Pistons,100,Cleveland Cavaliers,122,Box Score,,"15,979",
1162,7:00p,Brooklyn Nets,111,Orlando Magic,115,Box Score,,"16,085",
1163,7:00p,Philadelphia 76ers,114,Toronto Raptors,125,Box Score,,"18,789",
1164,7:00p,Charlotte Bobcats,94,Washington Wizards,88,Box Score,OT,"17,784",
1165,7:30p,Boston Celtics,97,Atlanta Hawks,105,Box Score,,"13,868",
1166,8:00p,Miami Heat,102,Memphis Grizzlies,107,Box Score,,"18,119",
1167,8:00p,Indiana Pacers,104,Milwaukee Bucks,102,Box Score,,"13,139",
1168,8:00p,Chicago Bulls,102,Minnesota Timberwolves,87,Box Score,,"13,447",
1169,8:00p,Phoenix Suns,94,New Orleans Pelicans,88,Box Score,,"16,256",
1170,9:00p,Houston Rockets,116,Denver Nuggets,123,Box Score,,"15,322",
1171,10:00p,Sacramento Kings,99,Portland Trail Blazers,100,Box Score,,"20,002",
1172,10:30p,Oklahoma City Thunder,107,Los Angeles Clippers,101,Box Score,,"19,459",
1173,8:00p,San Antonio Spurs,109,Dallas Mavericks,100,Box Score,,"20,324",
1174,10:30p,Denver Nuggets,100,Golden State Warriors,99,Box Score,,"19,596",
1175,7:00p,Washington Wizards,96,Orlando Magic,86,Box Score,,"17,009",
1176,7:00p,New York Knicks,108,Toronto Raptors,100,Box Score,,"19,800",
1177,7:30p,Charlotte Bobcats,103,Boston Celtics,106,Box Score,,"18,624",
1178,7:30p,Atlanta Hawks,93,Brooklyn Nets,88,Box Score,,"17,732",
1179,7:30p,Indiana Pacers,86,Miami Heat,98,Box Score,,"20,300",
1180,8:00p,Detroit Pistons,98,Chicago Bulls,106,Box Score,,"22,219",
1181,8:00p,Philadelphia 76ers,95,Memphis Grizzlies,117,Box Score,,"17,456",
1182,8:00p,Houston Rockets,110,Minnesota Timberwolves,112,Box Score,,"16,689",
1183,8:00p,New Orleans Pelicans,94,Oklahoma City Thunder,116,Box Score,,"18,203",
1184,8:30p,Cleveland Cavaliers,116,Milwaukee Bucks,119,Box Score,,"13,126",
1185,8:30p,Phoenix Suns,104,San Antonio Spurs,112,Box Score,,"18,581",
1186,9:00p,Portland Trail Blazers,111,Utah Jazz,99,Box Score,,"19,248",
1187,10:30p,Golden State Warriors,112,Los Angeles Lakers,95,Box Score,,"18,997",
1188,3:30p,Sacramento Kings,101,Los Angeles Clippers,117,Box Score,,"19,060",
1189,7:00p,Philadelphia 76ers,105,Charlotte Bobcats,111,Box Score,,"17,140",
1190,7:00p,Milwaukee Bucks,91,Washington Wizards,104,Box Score,,"17,278",
1191,7:30p,Miami Heat,85,Atlanta Hawks,98,Box Score,,"19,287",
1192,7:30p,Boston Celtics,111,Cleveland Cavaliers,99,Box Score,,"18,456",
1193,8:00p,New Orleans Pelicans,104,Houston Rockets,111,Box Score,,"18,372",
1194,8:30p,Phoenix Suns,98,Dallas Mavericks,101,Box Score,,"20,413",
1195,9:00p,Utah Jazz,94,Denver Nuggets,101,Box Score,,"18,832",
1196,1:00p,Oklahoma City Thunder,97,Indiana Pacers,102,Box Score,,"18,165",
1197,3:30p,Toronto Raptors,116,Detroit Pistons,107,Box Score,,"16,944",
1198,6:00p,Orlando Magic,88,Brooklyn Nets,97,Box Score,,"17,732",
1199,7:30p,Chicago Bulls,89,New York Knicks,100,Box Score,,"19,812",
1200,9:00p,Golden State Warriors,117,Portland Trail Blazers,119,Box Score,OT,"19,995",
1201,9:00p,Minnesota Timberwolves,103,Sacramento Kings,106,Box Score,,"16,965",
1202,9:30p,Memphis Grizzlies,102,Los Angeles Lakers,90,Box Score,,"18,997",
1203,7:00p,Boston Celtics,108,Philadelphia 76ers,113,Box Score,,"17,822",
1204,7:00p,Milwaukee Bucks,100,Toronto Raptors,110,Box Score,,"18,821",
1205,7:00p,Miami Heat,93,Washington Wizards,114,Box Score,,"20,356",
1206,7:30p,Charlotte Bobcats,95,Atlanta Hawks,93,Box Score,,"11,918",
1207,8:00p,Orlando Magic,95,Chicago Bulls,108,Box Score,,"22,087",
1208,8:00p,San Antonio Spurs,98,Houston Rockets,104,Box Score,,"18,406",
1209,8:00p,Oklahoma City Thunder,89,New Orleans Pelicans,101,Box Score,,"17,024",
1210,9:00p,Los Angeles Lakers,119,Utah Jazz,104,Box Score,,"19,911",
1211,10:00p,Memphis Grizzlies,97,Phoenix Suns,91,Box Score,,"18,422",
1212,10:30p,Minnesota Timberwolves,120,Golden State Warriors,130,Box Score,,"19,596",
1213,8:00p,New York Knicks,109,Brooklyn Nets,98,Box Score,,"17,732",
1214,10:30p,Denver Nuggets,105,Los Angeles Clippers,117,Box Score,,"19,330",
1215,7:00p,Chicago Bulls,86,Charlotte Bobcats,91,Box Score,OT,"17,627",
1216,7:00p,Indiana Pacers,101,Orlando Magic,86,Box Score,,"18,846",
1217,8:00p,Washington Wizards,118,Boston Celtics,102,Box Score,,"18,624",
1218,8:00p,Brooklyn Nets,85,Cleveland Cavaliers,114,Box Score,,"19,842",
1219,8:00p,Dallas Mavericks,105,Memphis Grizzlies,106,Box Score,OT,"17,323",
1220,8:00p,Philadelphia 76ers,100,Miami Heat,87,Box Score,,"20,350",
1221,8:00p,Atlanta Hawks,111,Milwaukee Bucks,103,Box Score,,"13,111",
1222,8:00p,Utah Jazz,136,Minnesota Timberwolves,130,Box Score,2OT,"14,155",
1223,8:00p,Houston Rockets,100,New Orleans Pelicans,105,Box Score,,"17,421",
1224,8:00p,Toronto Raptors,92,New York Knicks,95,Box Score,,"19,812",
1225,8:00p,Detroit Pistons,111,Oklahoma City Thunder,112,Box Score,,"18,203",
1226,8:00p,Los Angeles Lakers,113,San Antonio Spurs,100,Box Score,,"18,581",
1227,10:30p,Golden State Warriors,116,Denver Nuggets,112,Box Score,,"17,232",
1228,10:30p,Los Angeles Clippers,104,Portland Trail Blazers,110,Box Score,,"20,021",
1229,10:30p,Phoenix Suns,104,Sacramento Kings,99,Box Score,,"17,317",
1230,,,,,,,,,
1231,3:30p,Golden State Warriors,109,Los Angeles Clippers,105,Box Score,,"19,339",
1232,7:00p,Atlanta Hawks,101,Indiana Pacers,93,Box Score,,"18,165",
1233,9:43p,Memphis Grizzlies,86,Oklahoma City Thunder,100,Box Score,,"18,203",
1234,12:30a,Brooklyn Nets,94,Toronto Raptors,87,Box Score,,"19,800",
1235,1:00p,Dallas Mavericks,85,San Antonio Spurs,90,Box Score,,"18,581",
1236,3:30p,Charlotte Bobcats,88,Miami Heat,99,Box Score,,"19,640",
1237,7:00p,Washington Wizards,102,Chicago Bulls,93,Box Score,,"21,694",
1238,9:30p,Portland Trail Blazers,122,Houston Rockets,120,Box Score,OT,"18,240",
1239,8:00p,Memphis Grizzlies,111,Oklahoma City Thunder,105,Box Score,OT,"18,203",
1240,10:30p,Golden State Warriors,98,Los Angeles Clippers,138,Box Score,,"19,570",
1241,7:00p,Atlanta Hawks,85,Indiana Pacers,101,Box Score,,"18,165",
1242,7:30p,Brooklyn Nets,95,Toronto Raptors,100,Box Score,,"20,382",
1243,9:30p,Washington Wizards,101,Chicago Bulls,99,Box Score,OT,"21,663",
1244,7:00p,Charlotte Bobcats,97,Miami Heat,101,Box Score,,"19,603",
1245,8:00p,Dallas Mavericks,113,San Antonio Spurs,92,Box Score,,"18,581",
1246,9:30p,Portland Trail Blazers,112,Houston Rockets,105,Box Score,,"18,331",
1247,7:00p,Indiana Pacers,85,Atlanta Hawks,98,Box Score,,"18,124",
1248,8:00p,Oklahoma City Thunder,95,Memphis Grizzlies,98,Box Score,OT,"18,119",
1249,10:30p,Los Angeles Clippers,98,Golden State Warriors,96,Box Score,,"19,596",
1250,7:00p,Toronto Raptors,98,Brooklyn Nets,102,Box Score,,"17,732",
1251,8:00p,Chicago Bulls,100,Washington Wizards,97,Box Score,,"20,356",
1252,10:30p,Houston Rockets,121,Portland Trail Blazers,116,Box Score,OT,"20,302",
1253,2:00p,Indiana Pacers,91,Atlanta Hawks,88,Box Score,,"19,043",
1254,4:30p,San Antonio Spurs,108,Dallas Mavericks,109,Box Score,,"20,636",
1255,7:00p,Miami Heat,98,Charlotte Bobcats,85,Box Score,,"19,633",
1256,9:30p,Oklahoma City Thunder,92,Memphis Grizzlies,89,Box Score,OT,"18,119",
1257,1:00p,Chicago Bulls,89,Washington Wizards,98,Box Score,,"20,356",
1258,3:30p,Los Angeles Clippers,97,Golden State Warriors,118,Box Score,,"19,596",
1259,7:00p,Toronto Raptors,87,Brooklyn Nets,79,Box Score,,"17,732",
1260,9:30p,Houston Rockets,120,Portland Trail Blazers,123,Box Score,OT,"20,246",
1261,7:00p,Miami Heat,109,Charlotte Bobcats,98,Box Score,,"19,092",
1262,8:00p,Atlanta Hawks,107,Indiana Pacers,97,Box Score,,"18,165",
1263,9:30p,San Antonio Spurs,93,Dallas Mavericks,89,Box Score,,"20,796",
1264,8:00p,Washington Wizards,75,Chicago Bulls,69,Box Score,,"21,752",
1265,9:00p,Memphis Grizzlies,100,Oklahoma City Thunder,99,Box Score,OT,"18,203",
1266,10:30p,Golden State Warriors,103,Los Angeles Clippers,113,Box Score,,"19,657",
1267,7:00p,Dallas Mavericks,103,San Antonio Spurs,109,Box Score,,"18,581",
1268,7:30p,Brooklyn Nets,113,Toronto Raptors,115,Box Score,,"20,393",
1269,9:30p,Portland Trail Blazers,98,Houston Rockets,108,Box Score,,"18,230",
1270,7:00p,Indiana Pacers,95,Atlanta Hawks,88,Box Score,,"19,044",
1271,8:00p,Oklahoma City Thunder,104,Memphis Grizzlies,84,Box Score,,"18,119",
1272,10:30p,Los Angeles Clippers,99,Golden State Warriors,100,Box Score,,"19,596",
1273,7:00p,Toronto Raptors,83,Brooklyn Nets,97,Box Score,,"17,732",
1274,8:00p,San Antonio Spurs,111,Dallas Mavericks,113,Box Score,,"20,799",
1275,10:30p,Houston Rockets,98,Portland Trail Blazers,99,Box Score,,"20,204",
1276,5:30p,Atlanta Hawks,80,Indiana Pacers,92,Box Score,,"18,165",
1277,8:00p,Memphis Grizzlies,109,Oklahoma City Thunder,120,Box Score,,"18,203",
1278,10:30p,Golden State Warriors,121,Los Angeles Clippers,126,Box Score,,"19,543",
1279,1:00p,Brooklyn Nets,104,Toronto Raptors,103,Box Score,,"20,457",
1280,3:30p,Dallas Mavericks,96,San Antonio Spurs,119,Box Score,,"18,581",
1281,7:00p,Washington Wizards,102,Indiana Pacers,96,Box Score,,"18,165",
1282,9:42p,Los Angeles Clippers,122,Oklahoma City Thunder,105,Box Score,,"18,203",
1283,7:00p,Brooklyn Nets,86,Miami Heat,107,Box Score,,"19,470",
1284,9:30p,Portland Trail Blazers,92,San Antonio Spurs,116,Box Score,,"18,581",
1285,7:00p,Washington Wizards,82,Indiana Pacers,86,Box Score,,"18,165",
1286,9:30p,Los Angeles Clippers,101,Oklahoma City Thunder,112,Box Score,,"18,203",
1287,7:00p,Brooklyn Nets,82,Miami Heat,94,Box Score,,"19,639",
1288,9:30p,Portland Trail Blazers,97,San Antonio Spurs,114,Box Score,,"18,581",
1289,8:00p,Indiana Pacers,85,Washington Wizards,63,Box Score,,"20,356",
1290,10:30p,Oklahoma City Thunder,118,Los Angeles Clippers,112,Box Score,,"19,530",
1291,8:00p,Miami Heat,90,Brooklyn Nets,104,Box Score,,"17,732",
1292,10:30p,San Antonio Spurs,118,Portland Trail Blazers,103,Box Score,,"20,321",
1293,3:30p,Oklahoma City Thunder,99,Los Angeles Clippers,101,Box Score,,"19,365",
1294,8:00p,Indiana Pacers,95,Washington Wizards,92,Box Score,,"20,356",
1295,8:00p,Miami Heat,102,Brooklyn Nets,96,Box Score,,"17,732",
1296,10:30p,San Antonio Spurs,92,Portland Trail Blazers,103,Box Score,,"20,141",
1297,7:00p,Washington Wizards,102,Indiana Pacers,79,Box Score,,"18,165",
1298,9:30p,Los Angeles Clippers,104,Oklahoma City Thunder,105,Box Score,,"18,203",
1299,7:00p,Brooklyn Nets,94,Miami Heat,96,Box Score,,"19,615",
1300,9:30p,Portland Trail Blazers,82,San Antonio Spurs,104,Box Score,,"18,581",
1301,8:00p,Indiana Pacers,93,Washington Wizards,80,Box Score,,"19,502",
1302,10:30p,Oklahoma City Thunder,104,Los Angeles Clippers,98,Box Score,,"19,565",
1303,3:30p,Miami Heat,96,Indiana Pacers,107,Box Score,,"18,165",
1304,9:00p,Oklahoma City Thunder,105,San Antonio Spurs,122,Box Score,,"18,581",
1305,8:30p,Miami Heat,87,Indiana Pacers,83,Box Score,,"18,165",
1306,9:00p,Oklahoma City Thunder,77,San Antonio Spurs,112,Box Score,,"18,581",
1307,8:30p,Indiana Pacers,87,Miami Heat,99,Box Score,,"20,025",
1308,8:30p,San Antonio Spurs,97,Oklahoma City Thunder,106,Box Score,,"18,203",
1309,8:30p,Indiana Pacers,90,Miami Heat,102,Box Score,,"19,874",
1310,9:00p,San Antonio Spurs,92,Oklahoma City Thunder,105,Box Score,,"18,203",
1311,8:30p,Miami Heat,90,Indiana Pacers,93,Box Score,,"18,165",
1312,9:00p,Oklahoma City Thunder,89,San Antonio Spurs,117,Box Score,,"18,581",
1313,8:30p,Indiana Pacers,92,Miami Heat,117,Box Score,,"20,021",
1314,8:30p,San Antonio Spurs,112,Oklahoma City Thunder,107,Box Score,OT,"18,203",
1315,9:00p,Miami Heat,95,San Antonio Spurs,110,Box Score,,"18,581",
1316,8:00p,Miami Heat,98,San Antonio Spurs,96,Box Score,,"18,581",
1317,9:00p,San Antonio Spurs,111,Miami Heat,92,Box Score,,"19,900",
1318,9:00p,San Antonio Spurs,107,Miami Heat,86,Box Score,,"19,900",
1319,8:00p,Miami Heat,87,San Antonio Spurs,104,Box Score,,"18,581",
